Date,Close,sigma2
2001-01-01,1837.36,
2001-01-02,1785.86,0.000190
2001-01-03,1875.56,0.000282
2001-01-04,1855.82,0.000274
2001-01-05,1807.13,0.000291
2001-01-08,1804.04,0.000381
2001-01-09,1810.98,0.000364
2001-01-10,1828.50,0.000333
2001-01-11,1847.37,0.000292
2001-01-12,1835.53,0.000255
2001-01-16,1847.13,0.000259
2001-01-17,1851.16,0.000231
2001-01-18,1876.94,0.000214
2001-01-19,1869.38,0.000182
2001-01-22,1869.89,0.000182
2001-01-23,1894.25,0.000171
2001-01-24,1899.71,0.000146
2001-01-25,1890.27,0.000134
2001-01-26,1886.80,0.000137
2001-01-29,1899.75,0.000134
2001-01-30,1913.13,0.000118
2001-01-31,1902.55,0.000104
2001-02-01,1913.11,0.000109
2001-02-02,1879.69,0.000097
2001-02-05,1886.48,0.000135
2001-02-06,1883.72,0.000123
2001-02-07,1868.29,0.000120
2001-02-08,1856.66,0.000131
2001-02-09,1831.96,0.000137
2001-02-12,1853.65,0.000164
2001-02-13,1837.77,0.000140
2001-02-14,1834.10,0.000153
2001-02-15,1849.15,0.000149
2001-02-16,1814.22,0.000130
2001-02-20,1782.75,0.000176
2001-02-21,1749.86,0.000218
2001-02-22,1746.50,0.000266
2001-02-23,1736.82,0.000256
2001-02-26,1767.29,0.000257
2001-02-27,1753.88,0.000217
2001-02-28,1729.07,0.000225
2001-03-01,1730.91,0.000256
2001-03-02,1721.09,0.000239
2001-03-05,1731.42,0.000241
2001-03-06,1748.74,0.000216
2001-03-07,1760.36,0.000187
2001-03-08,1764.39,0.000166
2001-03-09,1720.71,0.000153
2001-03-12,1646.42,0.000226
2001-03-13,1671.18,0.000419
2001-03-14,1628.02,0.000361
2001-03-15,1637.61,0.000452
2001-03-16,1605.48,0.000409
2001-03-19,1633.81,0.000466
2001-03-20,1594.50,0.000399
2001-03-21,1565.98,0.000481
2001-03-22,1559.65,0.000529
2001-03-23,1590.70,0.000513
2001-03-26,1608.65,0.000437
2001-03-27,1649.79,0.000383
2001-03-28,1609.67,0.000322
2001-03-29,1602.26,0.000402
2001-03-30,1619.54,0.000394
2001-04-02,1599.35,0.000345
2001-04-03,1544.35,0.000369
2001-04-04,1540.17,0.000515
2001-04-05,1607.46,0.000494
2001-04-06,1575.71,0.000422
2001-04-09,1588.50,0.000481
2001-04-10,1631.68,0.000429
2001-04-11,1628.23,0.000360
2001-04-12,1652.83,0.000346
2001-04-16,1647.50,0.000296
2001-04-17,1664.44,0.000289
2001-04-18,1729.26,0.000252
2001-04-19,1750.98,0.000227
2001-04-20,1736.02,0.000195
2001-04-23,1710.01,0.000206
2001-04-24,1689.23,0.000240
2001-04-25,1716.17,0.000263
2001-04-26,1724.38,0.000223
2001-04-27,1750.32,0.000202
2001-04-30,1745.39,0.000171
2001-05-01,1769.12,0.000168
2001-05-02,1770.66,0.000143
2001-05-03,1744.54,0.000134
2001-05-04,1769.78,0.000166
2001-05-07,1765.49,0.000141
2001-05-08,1762.41,0.000138
2001-05-09,1754.71,0.000134
2001-05-10,1754.46,0.000136
2001-05-11,1741.33,0.000130
2001-05-14,1746.01,0.000139
2001-05-15,1746.75,0.000128
2001-05-16,1796.72,0.000121
2001-05-17,1801.63,0.000112
2001-05-18,1806.83,0.000103
2001-05-21,1836.02,0.000094
2001-05-22,1831.20,0.000081
2001-05-23,1802.84,0.000081
2001-05-24,1808.64,0.000112
2001-05-25,1787.28,0.000102
2001-05-29,1773.45,0.000123
2001-05-30,1746.11,0.000134
2001-05-31,1757.09,0.000167
2001-06-01,1763.87,0.000148
2001-06-04,1772.91,0.000135
2001-06-05,1795.96,0.000120
2001-06-06,1777.25,0.000103
2001-06-07,1786.99,0.000120
2001-06-08,1770.21,0.000107
2001-06-11,1755.42,0.000121
2001-06-12,1757.48,0.000133
2001-06-13,1737.94,0.000124
2001-06-14,1707.56,0.000144
2001-06-15,1699.85,0.000185
2001-06-18,1691.59,0.000186
2001-06-19,1697.41,0.000187
2001-06-20,1712.26,0.000171
2001-06-21,1731.75,0.000149
2001-06-22,1715.39,0.000127
2001-06-25,1705.94,0.000142
2001-06-26,1703.37,0.000146
2001-06-27,1695.61,0.000142
2001-06-28,1716.81,0.000144
2001-06-29,1714.32,0.000123
2001-07-02,1731.53,0.000119
2001-07-03,1728.65,0.000103
2001-07-05,1707.68,0.000101
2001-07-06,1667.90,0.000123
2001-07-09,1679.40,0.000186
2001-07-10,1655.30,0.000165
2001-07-11,1653.54,0.000195
2001-07-12,1692.73,0.000187
2001-07-13,1703.31,0.000159
2001-07-16,1684.77,0.000141
2001-07-17,1701.57,0.000160
2001-07-18,1692.27,0.000138
2001-07-19,1702.52,0.000143
2001-07-20,1696.67,0.000127
2001-07-23,1668.90,0.000127
2001-07-24,1641.76,0.000163
2001-07-25,1668.16,0.000201
2001-07-26,1685.62,0.000170
2001-07-27,1689.78,0.000147
2001-07-30,1688.03,0.000135
2001-07-31,1697.44,0.000130
2001-08-01,1704.24,0.000116
2001-08-02,1711.17,0.000105
2001-08-03,1702.43,0.000095
2001-08-06,1683.03,0.000099
2001-08-07,1688.60,0.000119
2001-08-08,1659.58,0.000109
2001-08-09,1659.76,0.000147
2001-08-10,1669.21,0.000139
2001-08-13,1670.96,0.000124
2001-08-14,1664.61,0.000116
2001-08-15,1652.71,0.000118
2001-08-16,1657.88,0.000127
2001-08-17,1630.34,0.000116
2001-08-20,1643.59,0.000152
2001-08-21,1623.74,0.000133
2001-08-22,1635.16,0.000156
2001-08-23,1630.66,0.000137
2001-08-24,1662.74,0.000136
2001-08-27,1654.72,0.000116
2001-08-28,1629.91,0.000119
2001-08-29,1612.05,0.000150
2001-08-30,1584.77,0.000170
2001-08-31,1591.18,0.000210
2001-09-04,1590.29,0.000191
2001-09-05,1588.93,0.000182
2001-09-06,1553.41,0.000174
2001-09-07,1524.47,0.000237
2001-09-10,1533.98,0.000286
2001-09-17,1458.99,0.000257
2001-09-18,1450.54,0.000499
2001-09-19,1427.24,0.000491
2001-09-20,1382.93,0.000530
2001-09-21,1356.61,0.000662
2001-09-24,1409.50,0.000716
2001-09-25,1421.91,0.000600
2001-09-26,1415.01,0.000536
2001-09-27,1431.29,0.000522
2001-09-28,1462.69,0.000459
2001-10-01,1459.33,0.000388
2001-10-02,1477.29,0.000373
2001-10-03,1507.03,0.000324
2001-10-04,1503.31,0.000274
2001-10-05,1506.11,0.000265
2001-10-08,1493.54,0.000245
2001-10-09,1485.63,0.000255
2001-10-10,1519.77,0.000255
2001-10-11,1542.98,0.000215
2001-10-12,1534.86,0.000182
2001-10-15,1532.52,0.000185
2001-10-16,1543.15,0.000178
2001-10-17,1514.50,0.000158
2001-10-18,1502.61,0.000204
2001-10-19,1509.46,0.000213
2001-10-22,1532.55,0.000193
2001-10-23,1525.35,0.000163
2001-10-24,1525.96,0.000165
2001-10-25,1546.90,0.000156
2001-10-26,1553.26,0.000132
2001-10-29,1516.39,0.000120
2001-10-30,1490.44,0.000185
2001-10-31,1490.58,0.000226
2001-11-01,1524.96,0.000214
2001-11-02,1529.35,0.000180
2001-11-05,1551.39,0.000166
2001-11-06,1573.93,0.000140
2001-11-07,1570.16,0.000119
2001-11-08,1574.09,0.000118
2001-11-09,1576.61,0.000108
2001-11-12,1573.82,0.000101
2001-11-13,1603.27,0.000099
2001-11-14,1606.64,0.000086
2001-11-15,1608.09,0.000079
2001-11-16,1603.17,0.000075
2001-11-19,1620.66,0.000077
2001-11-20,1608.90,0.000066
2001-11-21,1601.02,0.000075
2001-11-23,1619.78,0.000080
2001-11-26,1629.76,0.000068
2001-11-27,1618.62,0.000060
2001-11-28,1589.38,0.000069
2001-11-29,1605.99,0.000107
2001-11-30,1604.92,0.000092
2001-12-03,1591.48,0.000089
2001-12-04,1612.46,0.000101
2001-12-05,1649.00,0.000086
2001-12-06,1644.48,0.000078
2001-12-07,1632.10,0.000079
2001-12-10,1606.23,0.000089
2001-12-11,1601.76,0.000122
2001-12-12,1602.45,0.000121
2001-12-13,1577.58,0.000114
2001-12-14,1582.81,0.000147
2001-12-17,1598.74,0.000134
2001-12-18,1610.83,0.000116
2001-12-19,1620.27,0.000101
2001-12-20,1606.91,0.000090
2001-12-21,1613.94,0.000101
2001-12-24,1613.60,0.000091
2001-12-26,1620.26,0.000087
2001-12-27,1631.69,0.000079
2001-12-28,1637.23,0.000069
2001-12-31,1618.98,0.000063
2002-01-02,1628.51,0.000081
2002-01-03,1643.48,0.000071
2002-01-04,1653.69,0.000062
2002-01-07,1642.95,0.000054
2002-01-08,1637.48,0.000062
2002-01-09,1629.70,0.000065
2002-01-10,1631.72,0.000069
2002-01-11,1616.35,0.000065
2002-01-14,1606.20,0.000079
2002-01-15,1617.18,0.000086
2002-01-16,1591.04,0.000076
2002-01-17,1607.02,0.000108
2002-01-18,1591.08,0.000093
2002-01-22,1579.41,0.000109
2002-01-23,1591.94,0.000118
2002-01-24,1597.55,0.000103
2002-01-25,1599.14,0.000094
2002-01-28,1598.86,0.000088
2002-01-29,1553.23,0.000085
2002-01-30,1571.69,0.000167
2002-01-31,1595.35,0.000143
2002-02-01,1584.06,0.000121
2002-02-04,1544.89,0.000130
2002-02-05,1538.70,0.000200
2002-02-06,1529.67,0.000199
2002-02-07,1525.26,0.000202
2002-02-08,1547.94,0.000198
2002-02-11,1570.21,0.000168
2002-02-12,1563.95,0.000143
2002-02-13,1580.03,0.000143
2002-02-14,1577.29,0.000124
2002-02-15,1559.97,0.000121
2002-02-19,1530.58,0.000140
2002-02-20,1551.37,0.000186
2002-02-21,1527.34,0.000158
2002-02-22,1539.91,0.000193
2002-02-25,1567.59,0.000169
2002-02-26,1567.65,0.000143
2002-02-27,1569.00,0.000136
2002-02-28,1564.59,0.000127
2002-03-01,1600.02,0.000126
2002-03-04,1631.25,0.000110
2002-03-05,1620.37,0.000095
2002-03-06,1644.20,0.000103
2002-03-07,1636.86,0.000087
2002-03-08,1646.44,0.000091
2002-03-11,1652.04,0.000081
2002-03-12,1648.28,0.000073
2002-03-13,1632.46,0.000074
2002-03-14,1631.00,0.000088
2002-03-15,1649.56,0.000086
2002-03-18,1648.73,0.000073
2002-03-19,1655.44,0.000071
2002-03-20,1629.43,0.000064
2002-03-21,1631.93,0.000095
2002-03-22,1625.02,0.000088
2002-03-25,1601.21,0.000091
2002-03-26,1610.81,0.000120
2002-03-27,1619.45,0.000107
2002-03-28,1623.43,0.000095
2002-04-01,1622.23,0.000088
2002-04-02,1608.39,0.000085
2002-04-03,1592.60,0.000097
2002-04-04,1593.96,0.000113
2002-04-05,1588.87,0.000106
2002-04-08,1592.88,0.000107
2002-04-09,1582.36,0.000098
2002-04-10,1600.36,0.000106
2002-04-11,1562.52,0.000091
2002-04-12,1572.89,0.000152
2002-04-15,1560.92,0.000134
2002-04-16,1597.48,0.000144
2002-04-17,1594.32,0.000124
2002-04-18,1592.08,0.000122
2002-04-19,1593.07,0.000118
2002-04-22,1568.52,0.000112
2002-04-23,1558.79,0.000144
2002-04-24,1547.74,0.000150
2002-04-25,1545.40,0.000158
2002-04-26,1524.08,0.000153
2002-04-29,1508.75,0.000181
2002-04-30,1525.00,0.000198
2002-05-01,1538.65,0.000171
2002-05-02,1536.16,0.000149
2002-05-03,1520.44,0.000144
2002-05-06,1491.05,0.000161
2002-05-07,1486.57,0.000211
2002-05-08,1542.53,0.000206
2002-05-09,1520.39,0.000190
2002-05-10,1494.87,0.000221
2002-05-13,1522.80,0.000262
2002-05-14,1555.04,0.000221
2002-05-15,1546.73,0.000187
2002-05-16,1556.93,0.000189
2002-05-17,1569.17,0.000168
2002-05-20,1548.31,0.000147
2002-05-21,1531.32,0.000174
2002-05-22,1540.12,0.000193
2002-05-23,1555.82,0.000173
2002-05-24,1537.02,0.000149
2002-05-28,1523.83,0.000172
2002-05-29,1514.33,0.000184
2002-05-30,1510.25,0.000189
2002-05-31,1513.77,0.000185
2002-06-03,1476.26,0.000170
2002-06-04,1476.28,0.000245
2002-06-05,1489.88,0.000231
2002-06-06,1460.50,0.000202
2002-06-07,1458.21,0.000255
2002-06-10,1462.78,0.000245
2002-06-11,1438.47,0.000225
2002-06-12,1448.16,0.000265
2002-06-13,1433.01,0.000236
2002-06-14,1429.78,0.000254
2002-06-17,1470.84,0.000245
2002-06-18,1472.25,0.000209
2002-06-19,1447.98,0.000195
2002-06-20,1428.55,0.000235
2002-06-21,1404.19,0.000263
2002-06-24,1409.30,0.000306
2002-06-25,1385.76,0.000280
2002-06-26,1382.78,0.000322
2002-06-27,1407.11,0.000309
2002-06-28,1405.93,0.000262
2002-07-01,1375.87,0.000250
2002-07-02,1346.96,0.000312
2002-07-03,1355.40,0.000375
2002-07-05,1405.20,0.000338
2002-07-08,1388.44,0.000290
2002-07-09,1354.23,0.000312
2002-07-10,1308.30,0.000394
2002-07-11,1318.18,0.000538
2002-07-12,1309.68,0.000483
2002-07-15,1304.76,0.000479
2002-07-16,1280.78,0.000463
2002-07-17,1287.98,0.000515
2002-07-18,1253.21,0.000467
2002-07-19,1205.16,0.000569
2002-07-22,1165.48,0.000758
2002-07-23,1133.99,0.000911
2002-07-24,1199.01,0.001020
2002-07-25,1192.28,0.000861
2002-07-26,1212.41,0.000836
2002-07-29,1278.10,0.000728
2002-07-30,1283.62,0.000623
2002-07-31,1296.34,0.000570
2002-08-01,1258.22,0.000507
2002-08-02,1229.19,0.000626
2002-08-05,1187.07,0.000705
2002-08-06,1222.59,0.000868
2002-08-07,1247.28,0.000733
2002-08-08,1288.12,0.000629
2002-08-09,1292.94,0.000527
2002-08-12,1286.08,0.000484
2002-08-13,1258.36,0.000475
2002-08-14,1309.04,0.000544
2002-08-15,1324.32,0.000459
2002-08-16,1322.36,0.000402
2002-08-19,1353.63,0.000383
2002-08-20,1334.70,0.000322
2002-08-21,1351.82,0.000352
2002-08-22,1370.85,0.000305
2002-08-23,1339.78,0.000262
2002-08-26,1349.88,0.000331
2002-08-27,1331.19,0.000295
2002-08-28,1307.28,0.000325
2002-08-30,1304.85,0.000373
2002-09-03,1250.68,0.000357
2002-09-04,1273.03,0.000554
2002-09-05,1252.77,0.000476
2002-09-06,1273.88,0.000514
2002-09-09,1286.79,0.000442
2002-09-10,1296.23,0.000390
2002-09-11,1296.25,0.000349
2002-09-12,1264.42,0.000329
2002-09-13,1268.57,0.000411
2002-09-16,1270.45,0.000378
2002-09-17,1245.39,0.000352
2002-09-18,1239.70,0.000409
2002-09-19,1202.46,0.000400
2002-09-20,1205.42,0.000519
2002-09-23,1188.76,0.000480
2002-09-24,1168.22,0.000508
2002-09-25,1197.56,0.000553
2002-09-26,1219.60,0.000467
2002-09-27,1180.28,0.000398
2002-09-30,1163.04,0.000532
2002-10-01,1209.59,0.000563
2002-10-02,1181.32,0.000474
2002-10-03,1168.56,0.000553
2002-10-04,1142.36,0.000565
2002-10-07,1120.51,0.000640
2002-10-08,1139.90,0.000695
2002-10-09,1108.91,0.000602
2002-10-10,1147.80,0.000709
2002-10-11,1192.63,0.000594
2002-10-14,1201.37,0.000498
2002-10-15,1258.24,0.000448
2002-10-16,1228.01,0.000391
2002-10-17,1255.42,0.000473
2002-10-18,1262.84,0.000400
2002-10-21,1284.73,0.000361
2002-10-22,1271.08,0.000307
2002-10-23,1279.63,0.000324
2002-10-24,1260.17,0.000290
2002-10-25,1281.81,0.000325
2002-10-28,1271.20,0.000276
2002-10-29,1259.79,0.000285
2002-10-30,1272.25,0.000296
2002-10-31,1265.41,0.000260
2002-11-01,1287.13,0.000260
2002-11-04,1297.69,0.000220
2002-11-05,1307.80,0.000193
2002-11-06,1320.04,0.000170
2002-11-07,1290.15,0.000148
2002-11-08,1278.94,0.000210
2002-11-11,1252.42,0.000222
2002-11-12,1262.14,0.000281
2002-11-13,1261.97,0.000249
2002-11-14,1293.21,0.000235
2002-11-15,1301.28,0.000199
2002-11-18,1287.79,0.000177
2002-11-19,1282.61,0.000194
2002-11-20,1307.61,0.000193
2002-11-21,1335.74,0.000163
2002-11-22,1331.16,0.000138
2002-11-25,1334.52,0.000138
2002-11-26,1306.79,0.000127
2002-11-27,1343.47,0.000180
2002-11-29,1339.89,0.000157
2002-12-02,1337.34,0.000154
2002-12-03,1317.64,0.000150
2002-12-04,1313.53,0.000182
2002-12-05,1297.80,0.000179
2002-12-06,1305.98,0.000201
2002-12-09,1277.05,0.000179
2002-12-10,1294.91,0.000242
2002-12-11,1295.91,0.000207
2002-12-12,1291.16,0.000194
2002-12-13,1273.83,0.000192
2002-12-16,1303.85,0.000220
2002-12-17,1293.26,0.000186
2002-12-18,1276.36,0.000196
2002-12-19,1266.79,0.000222
2002-12-20,1283.25,0.000230
2002-12-23,1285.60,0.000197
2002-12-24,1278.58,0.000183
2002-12-26,1274.55,0.000186
2002-12-27,1254.65,0.000183
2002-12-30,1260.42,0.000219
2002-12-31,1261.18,0.000198
2003-01-02,1303.17,0.000186
2003-01-03,1302.55,0.000168
2003-01-06,1331.82,0.000160
2003-01-07,1323.17,0.000136
2003-01-08,1304.95,0.000143
2003-01-09,1330.30,0.000171
2003-01-10,1330.29,0.000145
2003-01-13,1328.50,0.000137
2003-01-14,1336.24,0.000133
2003-01-15,1317.18,0.000118
2003-01-16,1312.00,0.000147
2003-01-17,1293.63,0.000148
2003-01-21,1273.31,0.000177
2003-01-22,1260.16,0.000213
2003-01-23,1273.04,0.000229
2003-01-24,1235.84,0.000199
2003-01-27,1215.86,0.000299
2003-01-28,1231.74,0.000339
2003-01-29,1240.31,0.000293
2003-01-30,1212.23,0.000261
2003-01-31,1228.14,0.000331
2003-02-03,1234.78,0.000285
2003-02-04,1217.40,0.000257
2003-02-05,1211.04,0.000288
2003-02-06,1203.58,0.000286
2003-02-07,1191.46,0.000288
2003-02-10,1200.51,0.000303
2003-02-11,1190.83,0.000269
2003-02-12,1176.15,0.000277
2003-02-13,1174.43,0.000301
2003-02-14,1199.61,0.000288
2003-02-18,1223.11,0.000242
2003-02-19,1214.66,0.000204
2003-02-20,1203.18,0.000211
2003-02-21,1219.10,0.000225
2003-02-24,1196.71,0.000192
2003-02-25,1205.32,0.000239
2003-02-26,1189.98,0.000212
2003-02-27,1204.11,0.000237
2003-02-28,1209.71,0.000205
2003-03-03,1200.60,0.000185
2003-03-04,1182.17,0.000194
2003-03-05,1193.87,0.000228
2003-03-06,1182.82,0.000199
2003-03-07,1192.61,0.000212
2003-03-10,1161.85,0.000187
2003-03-11,1152.15,0.000267
2003-03-12,1157.61,0.000277
2003-03-13,1197.56,0.000251
2003-03-14,1199.55,0.000219
2003-03-17,1242.09,0.000203
2003-03-18,1247.39,0.000184
2003-03-19,1258.37,0.000167
2003-03-20,1260.76,0.000145
2003-03-21,1289.74,0.000135
2003-03-24,1244.31,0.000117
2003-03-25,1259.44,0.000239
2003-03-26,1252.59,0.000206
2003-03-27,1250.71,0.000208
2003-03-28,1243.51,0.000200
2003-03-31,1221.46,0.000203
2003-04-01,1236.30,0.000248
2003-04-02,1268.82,0.000214
2003-04-03,1262.43,0.000182
2003-04-04,1265.90,0.000184
2003-04-07,1267.48,0.000169
2003-04-08,1265.57,0.000158
2003-04-09,1247.99,0.000153
2003-04-10,1256.04,0.000181
2003-04-11,1251.40,0.000161
2003-04-14,1275.82,0.000160
2003-04-15,1283.96,0.000136
2003-04-16,1268.28,0.000120
2003-04-17,1287.99,0.000143
2003-04-21,1285.72,0.000121
2003-04-22,1313.63,0.000118
2003-04-23,1324.68,0.000103
2003-04-24,1313.75,0.000089
2003-04-25,1295.57,0.000101
2003-04-28,1318.85,0.000128
2003-04-29,1323.26,0.000109
2003-04-30,1322.07,0.000099
2003-05-01,1321.39,0.000096
2003-05-02,1341.28,0.000092
2003-05-05,1336.24,0.000079
2003-05-06,1347.54,0.000081
2003-05-07,1340.87,0.000071
2003-05-08,1327.42,0.000075
2003-05-09,1346.68,0.000091
2003-05-12,1363.61,0.000078
2003-05-13,1359.74,0.000067
2003-05-14,1355.76,0.000068
2003-05-15,1366.58,0.000070
2003-05-16,1363.32,0.000061
2003-05-19,1329.38,0.000062
2003-05-20,1327.87,0.000124
2003-05-21,1333.33,0.000120
2003-05-22,1345.53,0.000108
2003-05-23,1347.49,0.000093
2003-05-27,1373.86,0.000087
2003-05-28,1376.57,0.000077
2003-05-29,1371.51,0.000071
2003-05-30,1391.72,0.000074
2003-06-02,1396.70,0.000064
2003-06-03,1403.29,0.000058
2003-06-04,1424.90,0.000052
2003-06-05,1430.63,0.000047
2003-06-06,1427.27,0.000042
2003-06-09,1410.21,0.000044
2003-06-10,1423.11,0.000063
2003-06-11,1441.86,0.000054
2003-06-12,1443.41,0.000047
2003-06-13,1429.11,0.000045
2003-06-16,1461.15,0.000059
2003-06-17,1462.48,0.000059
2003-06-18,1460.32,0.000056
2003-06-19,1438.09,0.000056
2003-06-20,1439.54,0.000084
2003-06-23,1419.24,0.000079
2003-06-24,1421.86,0.000106
2003-06-25,1410.09,0.000098
2003-06-26,1425.82,0.000110
2003-06-27,1411.96,0.000094
2003-06-30,1409.48,0.000109
2003-07-01,1421.03,0.000107
2003-07-02,1437.61,0.000093
2003-07-03,1425.96,0.000080
2003-07-07,1453.07,0.000091
2003-07-08,1458.51,0.000079
2003-07-09,1450.51,0.000072
2003-07-10,1430.96,0.000078
2003-07-11,1444.70,0.000102
2003-07-14,1453.00,0.000088
2003-07-15,1448.02,0.000078
2003-07-16,1438.85,0.000080
2003-07-17,1421.11,0.000088
2003-07-18,1437.88,0.000110
2003-07-21,1416.88,0.000094
2003-07-22,1430.35,0.000123
2003-07-23,1431.10,0.000106
2003-07-24,1420.95,0.000100
2003-07-25,1445.70,0.000109
2003-07-28,1442.58,0.000093
2003-07-29,1432.31,0.000092
2003-07-30,1429.90,0.000101
2003-07-31,1434.33,0.000100
2003-08-01,1419.64,0.000091
2003-08-04,1423.51,0.000107
2003-08-05,1398.42,0.000099
2003-08-06,1401.01,0.000138
2003-08-07,1411.26,0.000128
2003-08-08,1416.30,0.000112
2003-08-11,1421.01,0.000102
2003-08-12,1435.17,0.000093
2003-08-13,1426.55,0.000080
2003-08-14,1435.95,0.000087
2003-08-15,1436.43,0.000076
2003-08-18,1449.65,0.000073
2003-08-19,1453.45,0.000063
2003-08-20,1450.60,0.000058
2003-08-21,1454.98,0.000058
2003-08-22,1440.16,0.000053
2003-08-25,1441.11,0.000069
2003-08-26,1445.50,0.000065
2003-08-27,1445.84,0.000060
2003-08-28,1454.70,0.000057
2003-08-29,1462.30,0.000051
2003-09-02,1482.61,0.000045
2003-09-03,1489.25,0.000041
2003-09-04,1491.77,0.000037
2003-09-05,1482.24,0.000035
2003-09-08,1497.22,0.000042
2003-09-09,1484.93,0.000037
2003-09-10,1467.29,0.000047
2003-09-11,1475.71,0.000066
2003-09-12,1478.93,0.000059
2003-09-15,1473.43,0.000055
2003-09-16,1494.50,0.000058
2003-09-17,1489.69,0.000051
2003-09-18,1509.47,0.000053
2003-09-19,1504.74,0.000047
2003-09-22,1485.16,0.000049
2003-09-23,1494.19,0.000071
2003-09-24,1465.66,0.000063
2003-09-25,1457.09,0.000103
2003-09-26,1448.03,0.000110
2003-09-29,1462.20,0.000116
2003-09-30,1446.77,0.000100
2003-10-01,1479.23,0.000118
2003-10-02,1482.36,0.000103
2003-10-03,1496.32,0.000095
2003-10-06,1502.86,0.000082
2003-10-07,1510.05,0.000074
2003-10-08,1502.65,0.000066
2003-10-09,1509.86,0.000071
2003-10-10,1509.00,0.000063
2003-10-13,1519.60,0.000062
2003-10-14,1525.60,0.000054
2003-10-15,1521.95,0.000049
2003-10-16,1526.80,0.000050
2003-10-17,1511.18,0.000046
2003-10-20,1518.97,0.000061
2003-10-21,1520.93,0.000054
2003-10-22,1498.28,0.000051
2003-10-23,1503.26,0.000078
2003-10-24,1496.19,0.000071
2003-10-27,1499.43,0.000076
2003-10-28,1522.21,0.000070
2003-10-29,1524.41,0.000061
2003-10-30,1523.12,0.000057
2003-10-31,1528.62,0.000056
2003-11-03,1540.71,0.000051
2003-11-04,1532.34,0.000045
2003-11-05,1530.54,0.000051
2003-11-06,1539.75,0.000051
2003-11-07,1533.02,0.000045
2003-11-10,1524.26,0.000049
2003-11-11,1523.47,0.000056
2003-11-12,1541.49,0.000054
2003-11-13,1541.30,0.000047
2003-11-14,1529.83,0.000046
2003-11-17,1520.07,0.000056
2003-11-18,1506.32,0.000063
2003-11-19,1518.51,0.000076
2003-11-20,1505.76,0.000066
2003-11-21,1508.21,0.000078
2003-11-24,1532.68,0.000073
2003-11-25,1535.49,0.000064
2003-11-26,1542.39,0.000059
2003-11-28,1542.07,0.000053
2003-12-01,1559.50,0.000052
2003-12-02,1554.41,0.000045
2003-12-03,1552.09,0.000048
2003-12-04,1559.47,0.000048
2003-12-05,1547.51,0.000043
2003-12-08,1558.96,0.000053
2003-12-09,1545.68,0.000046
2003-12-10,1544.31,0.000058
2003-12-11,1562.23,0.000057
2003-12-12,1566.50,0.000049
2003-12-15,1557.66,0.000046
2003-12-16,1568.02,0.000052
2003-12-17,1570.15,0.000046
2003-12-18,1588.90,0.000043
2003-12-19,1588.19,0.000038
2003-12-22,1594.43,0.000038
2003-12-23,1598.93,0.000035
2003-12-24,1596.05,0.000032
2003-12-26,1598.74,0.000033
2003-12-29,1619.16,0.000032
2003-12-30,1619.59,0.000030
2003-12-31,1622.94,0.000029
2004-01-02,1618.05,0.000028
2004-01-05,1638.10,0.000031
2004-01-06,1640.30,0.000028
2004-01-07,1644.60,0.000027
2004-01-08,1652.83,0.000026
2004-01-09,1638.13,0.000023
2004-01-12,1646.03,0.000034
2004-01-13,1637.33,0.000031
2004-01-14,1650.96,0.000037
2004-01-15,1653.20,0.000032
2004-01-16,1664.57,0.000031
2004-01-20,1663.02,0.000028
2004-01-21,1676.07,0.000028
2004-01-22,1670.73,0.000025
2004-01-23,1667.26,0.000029
2004-01-26,1687.44,0.000030
2004-01-27,1670.90,0.000028
2004-01-28,1648.43,0.000041
2004-01-29,1657.09,0.000063
2004-01-30,1652.72,0.000056
2004-02-02,1658.79,0.000058
2004-02-03,1659.92,0.000053
2004-02-04,1646.29,0.000050
2004-02-05,1649.35,0.000061
2004-02-06,1670.14,0.000057
2004-02-09,1666.16,0.000050
2004-02-10,1674.55,0.000051
2004-02-11,1693.03,0.000046
2004-02-12,1684.92,0.000040
2004-02-13,1675.86,0.000045
2004-02-17,1692.22,0.000051
2004-02-18,1684.89,0.000044
2004-02-19,1678.01,0.000048
2004-02-20,1673.71,0.000052
2004-02-23,1669.20,0.000054
2004-02-24,1666.42,0.000056
2004-02-25,1673.34,0.000056
2004-02-26,1675.63,0.000050
2004-02-27,1675.70,0.000048
2004-03-01,1691.90,0.000046
2004-03-02,1681.88,0.000040
2004-03-03,1685.17,0.000047
2004-03-04,1690.83,0.000044
2004-03-05,1693.76,0.000040
2004-03-08,1679.74,0.000038
2004-03-09,1670.07,0.000049
2004-03-10,1645.79,0.000055
2004-03-11,1621.21,0.000082
2004-03-12,1641.42,0.000111
2004-03-15,1617.91,0.000095
2004-03-16,1627.03,0.000123
2004-03-17,1646.29,0.000109
2004-03-18,1644.21,0.000093
2004-03-19,1625.84,0.000091
2004-03-22,1604.80,0.000110
2004-03-23,1602.67,0.000134
2004-03-24,1598.85,0.000130
2004-03-25,1625.01,0.000128
2004-03-26,1623.36,0.000109
2004-03-29,1644.75,0.000105
2004-03-30,1651.43,0.000090
2004-03-31,1650.42,0.000081
2004-04-01,1659.16,0.000078
2004-04-02,1673.40,0.000070
2004-04-05,1686.24,0.000060
2004-04-06,1683.23,0.000053
2004-04-07,1672.14,0.000053
2004-04-08,1670.36,0.000061
2004-04-12,1679.02,0.000060
2004-04-13,1655.99,0.000054
2004-04-14,1654.17,0.000078
2004-04-15,1655.15,0.000076
2004-04-16,1663.62,0.000072
2004-04-19,1665.39,0.000064
2004-04-20,1639.49,0.000061
2004-04-21,1648.31,0.000090
2004-04-22,1671.63,0.000080
2004-04-23,1672.62,0.000069
2004-04-26,1665.19,0.000066
2004-04-27,1668.98,0.000070
2004-04-28,1646.19,0.000065
2004-04-29,1634.16,0.000089
2004-04-30,1624.51,0.000099
2004-05-03,1639.46,0.000105
2004-05-04,1642.50,0.000091
2004-05-05,1645.65,0.000084
2004-05-06,1634.75,0.000078
2004-05-07,1612.31,0.000086
2004-05-10,1595.38,0.000112
2004-05-11,1607.94,0.000130
2004-05-12,1611.15,0.000113
2004-05-13,1610.05,0.000105
2004-05-14,1609.12,0.000101
2004-05-17,1592.23,0.000097
2004-05-18,1603.14,0.000115
2004-05-19,1599.29,0.000101
2004-05-20,1600.06,0.000100
2004-05-21,1606.49,0.000095
2004-05-24,1609.22,0.000086
2004-05-25,1635.14,0.000080
2004-05-26,1638.16,0.000069
2004-05-27,1647.65,0.000064
2004-05-28,1646.80,0.000057
2004-06-01,1647.57,0.000056
2004-06-02,1653.66,0.000053
2004-06-03,1641.43,0.000049
2004-06-04,1650.07,0.000058
2004-06-07,1676.48,0.000052
2004-06-08,1679.21,0.000047
2004-06-09,1663.38,0.000044
2004-06-10,1671.01,0.000057
2004-06-14,1655.00,0.000051
2004-06-15,1664.92,0.000065
2004-06-16,1667.23,0.000058
2004-06-17,1665.02,0.000054
2004-06-18,1669.39,0.000054
2004-06-21,1662.46,0.000050
2004-06-22,1668.54,0.000054
2004-06-23,1682.75,0.000049
2004-06-24,1678.07,0.000043
2004-06-25,1668.93,0.000045
2004-06-28,1667.61,0.000051
2004-06-29,1671.84,0.000050
2004-06-30,1678.83,0.000047
2004-07-01,1661.45,0.000042
2004-07-02,1656.25,0.000057
2004-07-06,1642.76,0.000059
2004-07-07,1646.28,0.000070
2004-07-08,1632.81,0.000065
2004-07-09,1638.34,0.000077
2004-07-12,1640.65,0.000070
2004-07-13,1641.89,0.000065
2004-07-14,1636.62,0.000062
2004-07-15,1629.58,0.000064
2004-07-16,1621.80,0.000068
2004-07-19,1621.08,0.000073
2004-07-20,1632.52,0.000071
2004-07-21,1610.88,0.000062
2004-07-22,1615.27,0.000085
2004-07-23,1599.62,0.000078
2004-07-26,1596.48,0.000093
2004-07-27,1612.33,0.000092
2004-07-28,1613.50,0.000079
2004-07-29,1621.35,0.000075
2004-07-30,1623.26,0.000067
2004-08-02,1630.48,0.000063
2004-08-03,1620.28,0.000057
2004-08-04,1619.00,0.000064
2004-08-05,1592.64,0.000063
2004-08-06,1568.07,0.000095
2004-08-09,1569.96,0.000126
2004-08-10,1590.35,0.000118
2004-08-11,1586.43,0.000101
2004-08-12,1567.95,0.000100
2004-08-13,1570.44,0.000120
2004-08-16,1591.94,0.000112
2004-08-17,1595.57,0.000095
2004-08-18,1615.72,0.000088
2004-08-19,1609.97,0.000075
2004-08-20,1620.47,0.000078
2004-08-23,1616.68,0.000068
2004-08-24,1617.46,0.000069
2004-08-25,1630.48,0.000066
2004-08-26,1630.68,0.000057
2004-08-27,1634.83,0.000055
2004-08-30,1622.28,0.000051
2004-08-31,1629.83,0.000061
2004-09-01,1632.82,0.000055
2004-09-02,1651.14,0.000051
2004-09-03,1644.25,0.000044
2004-09-07,1655.65,0.000048
2004-09-08,1648.52,0.000043
2004-09-09,1651.65,0.000047
2004-09-10,1659.84,0.000044
2004-09-13,1663.10,0.000039
2004-09-14,1666.82,0.000037
2004-09-15,1655.10,0.000035
2004-09-16,1659.78,0.000043
2004-09-17,1667.25,0.000040
2004-09-20,1657.88,0.000036
2004-09-21,1668.39,0.000042
2004-09-22,1645.17,0.000037
2004-09-23,1637.82,0.000060
2004-09-24,1640.40,0.000064
2004-09-27,1630.67,0.000060
2004-09-28,1640.62,0.000067
2004-09-29,1647.79,0.000059
2004-09-30,1647.48,0.000053
2004-10-01,1672.49,0.000052
2004-10-04,1678.10,0.000046
2004-10-05,1677.09,0.000042
2004-10-06,1688.83,0.000042
2004-10-07,1672.08,0.000037
2004-10-08,1659.51,0.000051
2004-10-11,1662.84,0.000061
2004-10-12,1659.07,0.000056
2004-10-13,1647.13,0.000057
2004-10-14,1631.81,0.000067
2004-10-15,1639.08,0.000080
2004-10-18,1647.69,0.000072
2004-10-19,1631.74,0.000064
2004-10-20,1632.49,0.000079
2004-10-21,1636.76,0.000075
2004-10-22,1620.85,0.000069
2004-10-25,1619.48,0.000084
2004-10-26,1643.57,0.000081
2004-10-27,1665.01,0.000070
2004-10-28,1668.55,0.000060
2004-10-29,1672.65,0.000056
2004-11-01,1673.10,0.000052
2004-11-02,1673.16,0.000050
2004-11-03,1692.22,0.000048
2004-11-04,1719.64,0.000042
2004-11-05,1726.34,0.000040
2004-11-08,1724.59,0.000036
2004-11-09,1724.08,0.000037
2004-11-10,1722.67,0.000036
2004-11-11,1738.32,0.000037
2004-11-12,1754.33,0.000032
2004-11-15,1753.99,0.000029
2004-11-16,1741.72,0.000029
2004-11-17,1751.57,0.000037
2004-11-18,1753.97,0.000033
2004-11-19,1734.45,0.000032
2004-11-22,1744.71,0.000048
2004-11-23,1744.31,0.000042
2004-11-24,1751.55,0.000041
2004-11-26,1753.09,0.000038
2004-11-29,1747.34,0.000036
2004-11-30,1740.33,0.000039
2004-12-01,1766.90,0.000043
2004-12-02,1765.37,0.000040
2004-12-03,1766.63,0.000040
2004-12-06,1765.33,0.000038
2004-12-07,1745.83,0.000038
2004-12-08,1754.75,0.000055
2004-12-09,1764.35,0.000049
2004-12-10,1762.51,0.000043
2004-12-13,1778.54,0.000043
2004-12-14,1785.51,0.000038
2004-12-15,1789.14,0.000035
2004-12-16,1785.51,0.000033
2004-12-17,1772.19,0.000034
2004-12-20,1772.87,0.000043
2004-12-21,1788.93,0.000042
2004-12-22,1795.66,0.000037
2004-12-23,1796.49,0.000034
2004-12-27,1788.76,0.000033
2004-12-28,1801.58,0.000037
2004-12-29,1801.71,0.000033
2004-12-30,1801.98,0.000032
2004-12-31,1799.55,0.000032
2005-01-03,1784.96,0.000033
2005-01-04,1764.30,0.000043
2005-01-05,1758.07,0.000061
2005-01-06,1764.63,0.000064
2005-01-07,1762.12,0.000058
2005-01-10,1768.17,0.000058
2005-01-11,1757.51,0.000052
2005-01-12,1764.72,0.000059
2005-01-13,1749.48,0.000054
2005-01-14,1759.98,0.000066
2005-01-18,1777.03,0.000058
2005-01-19,1760.28,0.000050
2005-01-20,1746.61,0.000064
2005-01-21,1735.42,0.000074
2005-01-24,1729.33,0.000082
2005-01-25,1736.25,0.000084
2005-01-26,1744.72,0.000076
2005-01-27,1745.58,0.000067
2005-01-28,1740.96,0.000064
2005-01-31,1755.68,0.000066
2005-02-01,1767.79,0.000057
2005-02-02,1773.63,0.000050
2005-02-03,1769.26,0.000046
2005-02-04,1788.82,0.000047
2005-02-07,1786.92,0.000041
2005-02-08,1788.16,0.000042
2005-02-09,1773.28,0.000040
2005-02-10,1780.80,0.000051
2005-02-11,1793.54,0.000046
2005-02-14,1794.98,0.000040
2005-02-15,1801.06,0.000039
2005-02-16,1801.59,0.000036
2005-02-17,1787.41,0.000035
2005-02-18,1788.65,0.000045
2005-02-22,1762.76,0.000043
2005-02-23,1772.76,0.000068
2005-02-24,1787.34,0.000060
2005-02-25,1804.17,0.000052
2005-02-28,1792.63,0.000045
2005-03-01,1802.79,0.000053
2005-03-02,1802.92,0.000047
2005-03-03,1803.51,0.000046
2005-03-04,1820.88,0.000044
2005-03-07,1825.70,0.000039
2005-03-08,1817.12,0.000036
2005-03-09,1798.79,0.000041
2005-03-10,1802.20,0.000055
2005-03-11,1789.01,0.000052
2005-03-14,1799.14,0.000061
2005-03-15,1785.61,0.000054
2005-03-16,1771.35,0.000064
2005-03-17,1774.55,0.000074
2005-03-18,1773.72,0.000069
2005-03-21,1764.98,0.000067
2005-03-22,1747.03,0.000072
2005-03-23,1748.28,0.000088
2005-03-24,1746.62,0.000083
2005-03-28,1750.88,0.000081
2005-03-29,1737.94,0.000075
2005-03-30,1762.09,0.000085
2005-03-31,1760.89,0.000072
2005-04-01,1749.45,0.000070
2005-04-04,1754.43,0.000078
2005-04-05,1762.32,0.000072
2005-04-06,1766.69,0.000064
2005-04-07,1777.35,0.000059
2005-04-08,1762.52,0.000052
2005-04-11,1762.56,0.000064
2005-04-12,1772.43,0.000062
2005-04-13,1751.77,0.000055
2005-04-14,1734.25,0.000073
2005-04-15,1705.26,0.000089
2005-04-18,1710.27,0.000124
2005-04-19,1720.43,0.000114
2005-04-20,1697.74,0.000101
2005-04-21,1731.27,0.000126
2005-04-22,1719.66,0.000108
2005-04-25,1734.56,0.000116
2005-04-26,1719.09,0.000100
2005-04-27,1726.21,0.000113
2005-04-28,1707.13,0.000102
2005-04-29,1727.49,0.000121
2005-05-02,1735.43,0.000104
2005-05-03,1733.95,0.000093
2005-05-04,1755.92,0.000090
2005-05-05,1751.47,0.000077
2005-05-06,1749.65,0.000078
2005-05-09,1760.87,0.000076
2005-05-10,1742.06,0.000067
2005-05-11,1750.26,0.000084
2005-05-12,1732.89,0.000075
2005-05-13,1725.15,0.000090
2005-05-16,1742.74,0.000094
2005-05-17,1755.10,0.000081
2005-05-18,1773.01,0.000071
2005-05-19,1781.28,0.000061
2005-05-20,1778.59,0.000054
2005-05-23,1785.46,0.000054
2005-05-24,1785.79,0.000049
2005-05-25,1779.81,0.000048
2005-05-26,1791.41,0.000051
2005-05-27,1793.34,0.000045
2005-05-31,1782.46,0.000042
2005-06-01,1799.15,0.000049
2005-06-02,1802.19,0.000043
2005-06-03,1789.83,0.000041
2005-06-06,1792.14,0.000049
2005-06-07,1791.89,0.000046
2005-06-08,1788.30,0.000045
2005-06-09,1797.72,0.000046
2005-06-10,1793.51,0.000041
2005-06-13,1798.07,0.000043
2005-06-14,1802.73,0.000040
2005-06-15,1806.78,0.000037
2005-06-16,1813.35,0.000035
2005-06-17,1822.35,0.000032
2005-06-20,1821.06,0.000029
2005-06-21,1817.36,0.000029
2005-06-22,1817.80,0.000031
2005-06-23,1798.49,0.000030
2005-06-24,1784.77,0.000045
2005-06-27,1783.45,0.000055
2005-06-28,1800.07,0.000054
2005-06-29,1797.73,0.000047
2005-06-30,1784.99,0.000047
2005-07-01,1789.85,0.000056
2005-07-05,1805.68,0.000052
2005-07-06,1791.05,0.000045
2005-07-07,1795.55,0.000056
2005-07-08,1816.52,0.000051
2005-07-11,1827.91,0.000045
2005-07-12,1832.15,0.000040
2005-07-13,1833.98,0.000037
2005-07-14,1838.80,0.000035
2005-07-15,1840.93,0.000033
2005-07-18,1830.75,0.000032
2005-07-19,1843.07,0.000038
2005-07-20,1852.02,0.000033
2005-07-21,1839.80,0.000030
2005-07-22,1849.81,0.000038
2005-07-25,1842.84,0.000034
2005-07-26,1846.04,0.000037
2005-07-27,1854.72,0.000035
2005-07-28,1865.64,0.000032
2005-07-29,1851.37,0.000029
2005-08-01,1853.13,0.000038
2005-08-02,1866.28,0.000036
2005-08-03,1868.06,0.000032
2005-08-04,1854.30,0.000031
2005-08-05,1840.19,0.000040
2005-08-08,1835.37,0.000050
2005-08-09,1847.76,0.000051
2005-08-10,1845.16,0.000045
2005-08-11,1858.43,0.000046
2005-08-12,1847.31,0.000040
2005-08-15,1852.78,0.000047
2005-08-16,1830.98,0.000043
2005-08-17,1832.82,0.000061
2005-08-18,1831.09,0.000058
2005-08-19,1832.29,0.000057
2005-08-22,1835.32,0.000055
2005-08-23,1829.11,0.000051
2005-08-24,1817.22,0.000054
2005-08-25,1821.45,0.000062
2005-08-26,1810.52,0.000057
2005-08-29,1821.56,0.000064
2005-08-30,1815.97,0.000057
2005-08-31,1834.48,0.000059
2005-09-01,1836.37,0.000051
2005-09-02,1831.06,0.000048
2005-09-06,1854.23,0.000050
2005-09-07,1859.00,0.000044
2005-09-08,1852.00,0.000041
2005-09-09,1866.74,0.000045
2005-09-12,1865.45,0.000039
2005-09-13,1851.87,0.000039
2005-09-14,1845.84,0.000048
2005-09-15,1846.76,0.000051
2005-09-16,1862.11,0.000049
2005-09-19,1851.74,0.000042
2005-09-20,1837.20,0.000049
2005-09-21,1820.49,0.000059
2005-09-22,1827.54,0.000072
2005-09-23,1828.54,0.000065
2005-09-26,1829.05,0.000062
2005-09-27,1829.13,0.000060
2005-09-28,1831.32,0.000058
2005-09-29,1847.62,0.000054
2005-09-30,1849.33,0.000047
2005-10-03,1846.17,0.000045
2005-10-04,1827.96,0.000046
2005-10-05,1801.40,0.000060
2005-10-06,1794.04,0.000087
2005-10-07,1800.71,0.000090
2005-10-10,1787.80,0.000081
2005-10-11,1784.22,0.000090
2005-10-12,1773.60,0.000090
2005-10-13,1772.36,0.000096
2005-10-14,1787.01,0.000093
2005-10-17,1792.33,0.000081
2005-10-18,1774.32,0.000074
2005-10-19,1801.01,0.000089
2005-10-20,1774.02,0.000077
2005-10-21,1776.73,0.000106
2005-10-24,1806.59,0.000099
2005-10-25,1802.30,0.000084
2005-10-26,1794.56,0.000084
2005-10-27,1776.00,0.000088
2005-10-28,1805.56,0.000105
2005-10-31,1818.50,0.000089
2005-11-01,1812.11,0.000078
2005-11-02,1830.43,0.000080
2005-11-03,1838.86,0.000069
2005-11-04,1839.16,0.000062
2005-11-07,1843.27,0.000060
2005-11-08,1837.80,0.000055
2005-11-09,1841.00,0.000057
2005-11-10,1856.90,0.000054
2005-11-11,1862.56,0.000047
2005-11-14,1861.25,0.000043
2005-11-15,1854.28,0.000043
2005-11-16,1857.97,0.000046
2005-11-17,1875.49,0.000043
2005-11-18,1883.99,0.000038
2005-11-21,1893.93,0.000034
2005-11-22,1903.66,0.000030
2005-11-23,1910.39,0.000027
2005-11-25,1914.40,0.000025
2005-11-28,1898.37,0.000024
2005-11-29,1898.74,0.000034
2005-11-30,1887.28,0.000034
2005-12-01,1910.23,0.000041
2005-12-02,1910.86,0.000036
2005-12-05,1906.42,0.000035
2005-12-06,1908.89,0.000037
2005-12-07,1899.69,0.000036
2005-12-08,1897.57,0.000041
2005-12-09,1902.92,0.000041
2005-12-12,1904.59,0.000038
2005-12-13,1915.30,0.000036
2005-12-14,1923.43,0.000033
2005-12-15,1920.85,0.000030
2005-12-16,1915.40,0.000031
2005-12-19,1904.21,0.000033
2005-12-20,1903.81,0.000040
2005-12-21,1908.65,0.000039
2005-12-22,1917.16,0.000036
2005-12-23,1918.25,0.000033
2005-12-27,1899.93,0.000032
2005-12-28,1902.73,0.000045
2005-12-29,1897.19,0.000043
2005-12-30,1887.93,0.000045
2006-01-03,1918.95,0.000050
2006-01-04,1926.38,0.000046
2006-01-05,1926.43,0.000042
2006-01-06,1945.00,0.000041
2006-01-09,1952.13,0.000036
2006-01-10,1951.53,0.000033
2006-01-11,1958.56,0.000033
2006-01-12,1946.28,0.000030
2006-01-13,1948.64,0.000037
2006-01-17,1941.57,0.000035
2006-01-18,1934.21,0.000039
2006-01-19,1944.98,0.000042
2006-01-20,1909.35,0.000038
2006-01-23,1912.91,0.000073
2006-01-24,1917.54,0.000068
2006-01-25,1914.28,0.000063
2006-01-26,1928.17,0.000063
2006-01-27,1943.34,0.000055
2006-01-30,1945.66,0.000048
2006-01-31,1937.93,0.000045
2006-02-01,1941.75,0.000049
2006-02-02,1924.67,0.000046
2006-02-03,1914.50,0.000058
2006-02-06,1916.04,0.000063
2006-02-07,1900.58,0.000060
2006-02-08,1917.84,0.000071
2006-02-09,1915.10,0.000062
2006-02-10,1920.00,0.000061
2006-02-13,1914.02,0.000056
2006-02-14,1933.46,0.000059
2006-02-15,1940.68,0.000051
2006-02-16,1955.06,0.000046
2006-02-17,1951.83,0.000040
2006-02-21,1945.45,0.000041
2006-02-22,1960.26,0.000044
2006-02-23,1953.37,0.000039
2006-02-24,1956.14,0.000042
2006-02-27,1963.58,0.000040
2006-02-28,1943.19,0.000036
2006-03-01,1959.76,0.000051
2006-03-02,1956.60,0.000044
2006-03-03,1953.74,0.000045
2006-03-06,1940.20,0.000046
2006-03-07,1936.68,0.000054
2006-03-08,1941.17,0.000055
2006-03-09,1931.73,0.000051
2006-03-10,1945.92,0.000056
2006-03-13,1950.39,0.000049
2006-03-14,1970.65,0.000045
2006-03-15,1979.21,0.000040
2006-03-16,1982.76,0.000036
2006-03-17,1985.69,0.000034
2006-03-20,1982.40,0.000032
2006-03-21,1970.50,0.000033
2006-03-22,1982.40,0.000040
2006-03-23,1977.29,0.000036
2006-03-24,1979.24,0.000038
2006-03-27,1977.19,0.000036
2006-03-28,1964.47,0.000037
2006-03-29,1979.51,0.000044
2006-03-30,1975.60,0.000039
2006-03-31,1967.38,0.000040
2006-04-03,1971.92,0.000044
2006-04-04,1984.47,0.000041
2006-04-05,1993.21,0.000036
2006-04-06,1989.87,0.000033
2006-04-07,1969.30,0.000034
2006-04-10,1971.02,0.000049
2006-04-11,1956.11,0.000047
2006-04-12,1958.49,0.000056
2006-04-13,1960.01,0.000053
2006-04-17,1954.25,0.000051
2006-04-18,1988.18,0.000053
2006-04-19,1991.84,0.000049
2006-04-20,1994.23,0.000046
2006-04-21,1993.99,0.000043
2006-04-24,1989.20,0.000043
2006-04-25,1979.51,0.000044
2006-04-26,1985.28,0.000049
2006-04-27,1992.39,0.000045
2006-04-28,1993.79,0.000041
2006-05-01,1985.55,0.000040
2006-05-02,1997.75,0.000044
2006-05-03,1989.97,0.000039
2006-05-04,1996.74,0.000043
2006-05-05,2017.34,0.000039
2006-05-08,2015.84,0.000034
2006-05-09,2016.59,0.000035
2006-05-10,2013.99,0.000034
2006-05-11,1988.56,0.000035
2006-05-12,1966.27,0.000054
2006-05-15,1971.45,0.000072
2006-05-16,1967.79,0.000066
2006-05-17,1935.18,0.000066
2006-05-18,1922.32,0.000099
2006-05-19,1930.27,0.000107
2006-05-22,1922.72,0.000097
2006-05-23,1914.38,0.000099
2006-05-24,1917.48,0.000102
2006-05-25,1939.52,0.000095
2006-05-26,1950.87,0.000081
2006-05-30,1920.09,0.000072
2006-05-31,1936.41,0.000103
2006-06-01,1960.28,0.000089
2006-06-02,1964.11,0.000076
2006-06-05,1929.23,0.000071
2006-06-06,1927.13,0.000108
2006-06-07,1915.77,0.000105
2006-06-08,1918.59,0.000111
2006-06-09,1910.01,0.000104
2006-06-12,1885.81,0.000107
2006-06-13,1866.92,0.000131
2006-06-14,1876.67,0.000147
2006-06-15,1916.56,0.000131
2006-06-16,1909.52,0.000113
2006-06-19,1892.12,0.000114
2006-06-20,1892.13,0.000128
2006-06-21,1910.62,0.000122
2006-06-22,1900.98,0.000105
2006-06-23,1899.32,0.000109
2006-06-26,1908.56,0.000105
2006-06-27,1891.24,0.000094
2006-06-28,1901.98,0.000108
2006-06-29,1943.08,0.000096
2006-06-30,1939.03,0.000085
2006-07-03,1954.49,0.000085
2006-07-05,1940.55,0.000074
2006-07-06,1945.90,0.000083
2006-07-07,1932.75,0.000076
2006-07-10,1935.61,0.000084
2006-07-11,1943.66,0.000079
2006-07-12,1922.62,0.000071
2006-07-13,1897.73,0.000088
2006-07-14,1888.43,0.000112
2006-07-17,1885.82,0.000116
2006-07-18,1889.48,0.000113
2006-07-19,1924.74,0.000105
2006-07-20,1908.42,0.000090
2006-07-21,1894.94,0.000102
2006-07-24,1926.50,0.000111
2006-07-25,1938.68,0.000095
2006-07-26,1937.96,0.000083
2006-07-27,1930.32,0.000080
2006-07-28,1953.86,0.000083
2006-07-31,1950.99,0.000071
2006-08-01,1942.22,0.000070
2006-08-02,1954.18,0.000075
2006-08-03,1957.41,0.000066
2006-08-04,1956.05,0.000061
2006-08-07,1950.63,0.000060
2006-08-08,1944.22,0.000062
2006-08-09,1936.30,0.000064
2006-08-10,1945.61,0.000068
2006-08-11,1938.13,0.000060
2006-08-14,1940.50,0.000064
2006-08-15,1967.26,0.000060
2006-08-16,1982.81,0.000052
2006-08-17,1986.04,0.000046
2006-08-18,1993.43,0.000043
2006-08-21,1986.11,0.000039
2006-08-22,1988.10,0.000043
2006-08-23,1979.35,0.000041
2006-08-24,1984.09,0.000045
2006-08-25,1982.81,0.000042
2006-08-28,1993.06,0.000042
2006-08-29,1997.20,0.000037
2006-08-30,1998.08,0.000035
2006-08-31,1997.42,0.000034
2006-09-01,2008.47,0.000034
2006-09-05,2012.00,0.000030
2006-09-06,1992.42,0.000029
2006-09-07,1982.93,0.000042
2006-09-08,1990.44,0.000047
2006-09-11,1991.49,0.000043
2006-09-12,2012.32,0.000041
2006-09-13,2020.49,0.000036
2006-09-14,2017.86,0.000033
2006-09-15,2023.35,0.000034
2006-09-18,2025.39,0.000031
2006-09-19,2021.00,0.000030
2006-09-20,2031.59,0.000032
2006-09-21,2021.08,0.000029
2006-09-22,2016.09,0.000035
2006-09-25,2033.87,0.000037
2006-09-26,2049.20,0.000032
2006-09-27,2049.97,0.000029
2006-09-28,2053.93,0.000028
2006-09-29,2048.89,0.000027
2006-10-02,2041.99,0.000029
2006-10-03,2046.28,0.000032
2006-10-04,2071.45,0.000031
2006-10-05,2076.63,0.000028
2006-10-06,2071.05,0.000027
2006-10-09,2072.71,0.000029
2006-10-10,2077.01,0.000028
2006-10-11,2071.90,0.000027
2006-10-12,2091.69,0.000029
2006-10-13,2095.97,0.000026
2006-10-16,2101.26,0.000025
2006-10-17,2093.58,0.000024
2006-10-18,2096.71,0.000027
2006-10-19,2098.32,0.000026
2006-10-20,2100.86,0.000026
2006-10-23,2113.82,0.000025
2006-10-24,2114.36,0.000023
2006-10-25,2121.83,0.000023
2006-10-26,2132.39,0.000021
2006-10-27,2114.65,0.000020
2006-10-30,2115.63,0.000029
2006-10-31,2115.65,0.000029
2006-11-01,2100.36,0.000029
2006-11-02,2100.21,0.000037
2006-11-03,2095.68,0.000037
2006-11-06,2119.53,0.000038
2006-11-07,2124.28,0.000034
2006-11-08,2129.22,0.000032
2006-11-09,2118.32,0.000030
2006-11-10,2122.26,0.000036
2006-11-13,2128.17,0.000034
2006-11-14,2141.95,0.000031
2006-11-15,2147.60,0.000028
2006-11-16,2152.57,0.000026
2006-11-17,2154.80,0.000025
2006-11-20,2153.76,0.000024
2006-11-21,2157.42,0.000025
2006-11-22,2162.65,0.000024
2006-11-24,2154.96,0.000023
2006-11-27,2125.67,0.000026
2006-11-28,2133.52,0.000047
2006-11-29,2154.09,0.000043
2006-11-30,2155.89,0.000037
2006-12-01,2149.85,0.000036
2006-12-04,2169.00,0.000038
2006-12-05,2177.75,0.000034
2006-12-06,2175.45,0.000031
2006-12-07,2166.87,0.000031
2006-12-08,2170.84,0.000035
2006-12-11,2175.80,0.000033
2006-12-12,2173.58,0.000031
2006-12-13,2176.52,0.000032
2006-12-14,2195.59,0.000031
2006-12-15,2198.07,0.000027
2006-12-18,2190.97,0.000027
2006-12-19,2195.80,0.000030
2006-12-20,2192.76,0.000028
2006-12-21,2185.21,0.000029
2006-12-22,2173.90,0.000033
2006-12-26,2183.38,0.000038
2006-12-27,2199.15,0.000034
2006-12-28,2196.00,0.000031
2006-12-29,2186.13,0.000032
2007-01-03,2183.92,0.000036
2007-01-04,2186.60,0.000037
2007-01-05,2173.29,0.000035
2007-01-08,2178.80,0.000042
2007-01-09,2177.68,0.000039
2007-01-10,2182.15,0.000039
2007-01-11,2196.02,0.000036
2007-01-12,2206.68,0.000032
2007-01-16,2208.48,0.000029
2007-01-17,2206.70,0.000028
2007-01-18,2200.20,0.000029
2007-01-19,2206.60,0.000032
2007-01-22,2195.00,0.000030
2007-01-23,2202.77,0.000035
2007-01-24,2221.56,0.000032
2007-01-25,2196.54,0.000029
2007-01-26,2193.89,0.000045
2007-01-29,2191.71,0.000045
2007-01-30,2204.40,0.000045
2007-01-31,2219.19,0.000040
2007-02-01,2231.61,0.000035
2007-02-02,2235.39,0.000031
2007-02-05,2233.44,0.000030
2007-02-06,2235.02,0.000030
2007-02-07,2239.05,0.000030
2007-02-08,2236.46,0.000028
2007-02-09,2220.72,0.000029
2007-02-12,2213.58,0.000038
2007-02-13,2230.80,0.000040
2007-02-14,2248.40,0.000036
2007-02-15,2250.97,0.000031
2007-02-16,2249.06,0.000030
2007-02-20,2255.48,0.000031
2007-02-21,2252.43,0.000029
2007-02-22,2251.03,0.000030
2007-02-23,2243.26,0.000030
2007-02-26,2240.73,0.000033
2007-02-27,2163.11,0.000034
2007-02-28,2175.78,0.000132
2007-03-01,2170.17,0.000118
2007-03-02,2145.43,0.000116
2007-03-05,2125.34,0.000137
2007-03-06,2158.36,0.000151
2007-03-07,2153.65,0.000128
2007-03-08,2169.14,0.000126
2007-03-09,2170.62,0.000110
2007-03-12,2176.50,0.000104
2007-03-13,2132.76,0.000095
2007-03-14,2147.18,0.000143
2007-03-15,2155.18,0.000127
2007-03-16,2146.93,0.000115
2007-03-19,2170.33,0.000116
2007-03-20,2184.10,0.000100
2007-03-21,2221.46,0.000088
2007-03-22,2220.68,0.000076
2007-03-23,2223.12,0.000073
2007-03-26,2225.26,0.000069
2007-03-27,2211.52,0.000065
2007-03-28,2194.38,0.000073
2007-03-29,2202.68,0.000083
2007-03-30,2200.12,0.000075
2007-04-02,2205.85,0.000074
2007-04-03,2226.76,0.000068
2007-04-04,2229.25,0.000059
2007-04-05,2236.71,0.000055
2007-04-09,2238.03,0.000051
2007-04-10,2243.93,0.000049
2007-04-11,2229.44,0.000045
2007-04-12,2243.30,0.000053
2007-04-13,2251.12,0.000046
2007-04-16,2275.35,0.000042
2007-04-17,2280.01,0.000037
2007-04-18,2281.61,0.000035
2007-04-19,2278.91,0.000034
2007-04-20,2300.08,0.000035
2007-04-23,2294.82,0.000031
2007-04-24,2294.02,0.000033
2007-04-25,2317.50,0.000033
2007-04-26,2315.91,0.000029
2007-04-27,2315.70,0.000030
2007-04-30,2297.57,0.000030
2007-05-01,2303.68,0.000039
2007-05-02,2318.84,0.000036
2007-05-03,2329.54,0.000032
2007-05-04,2334.61,0.000029
2007-05-07,2340.68,0.000028
2007-05-08,2338.14,0.000026
2007-05-09,2346.30,0.000027
2007-05-10,2313.94,0.000025
2007-05-11,2336.48,0.000046
2007-05-14,2332.43,0.000040
2007-05-15,2329.61,0.000041
2007-05-16,2350.40,0.000041
2007-05-17,2348.44,0.000036
2007-05-18,2363.97,0.000037
2007-05-21,2367.63,0.000032
2007-05-22,2366.10,0.000031
2007-05-23,2363.29,0.000031
2007-05-24,2340.64,0.000032
2007-05-25,2353.42,0.000045
2007-05-29,2357.39,0.000040
2007-05-30,2377.09,0.000038
2007-05-31,2377.75,0.000033
2007-06-01,2386.63,0.000033
2007-06-04,2391.13,0.000030
2007-06-05,2378.44,0.000028
2007-06-06,2357.95,0.000034
2007-06-07,2316.63,0.000045
2007-06-08,2342.98,0.000079
2007-06-11,2345.27,0.000068
2007-06-12,2320.22,0.000064
2007-06-13,2356.02,0.000081
2007-06-14,2367.52,0.000070
2007-06-15,2382.97,0.000062
2007-06-18,2380.09,0.000055
2007-06-19,2384.25,0.000054
2007-06-20,2351.87,0.000051
2007-06-21,2366.92,0.000074
2007-06-22,2336.41,0.000065
2007-06-25,2328.91,0.000088
2007-06-26,2321.46,0.000089
2007-06-27,2342.84,0.000090
2007-06-28,2341.90,0.000078
2007-06-29,2338.25,0.000075
2007-07-02,2363.28,0.000075
2007-07-03,2372.22,0.000064
2007-07-05,2373.07,0.000058
2007-07-06,2381.59,0.000056
2007-07-09,2383.80,0.000051
2007-07-10,2349.98,0.000048
2007-07-11,2363.72,0.000073
2007-07-12,2408.79,0.000064
2007-07-13,2416.28,0.000059
2007-07-16,2411.65,0.000054
2007-07-17,2411.41,0.000055
2007-07-18,2406.69,0.000053
2007-07-19,2417.50,0.000054
2007-07-20,2387.96,0.000048
2007-07-23,2399.64,0.000068
2007-07-24,2352.12,0.000061
2007-07-25,2363.12,0.000104
2007-07-26,2307.98,0.000093
2007-07-27,2271.41,0.000153
2007-07-30,2294.75,0.000189
2007-07-31,2265.75,0.000164
2007-08-01,2282.30,0.000188
2007-08-02,2292.79,0.000166
2007-08-03,2231.98,0.000150
2007-08-06,2285.93,0.000231
2007-08-07,2300.10,0.000195
2007-08-08,2333.24,0.000174
2007-08-09,2264.50,0.000147
2007-08-10,2265.36,0.000243
2007-08-13,2264.58,0.000229
2007-08-14,2223.70,0.000217
2007-08-15,2193.40,0.000263
2007-08-16,2200.61,0.000292
2007-08-17,2254.68,0.000268
2007-08-20,2254.07,0.000225
2007-08-21,2256.52,0.000214
2007-08-22,2283.08,0.000200
2007-08-23,2280.68,0.000172
2007-08-24,2307.22,0.000165
2007-08-27,2287.62,0.000141
2007-08-28,2234.02,0.000153
2007-08-29,2283.58,0.000220
2007-08-30,2274.16,0.000185
2007-08-31,2299.71,0.000185
2007-09-04,2323.83,0.000159
2007-09-05,2298.16,0.000137
2007-09-06,2308.34,0.000156
2007-09-07,2269.32,0.000141
2007-09-10,2266.51,0.000180
2007-09-11,2297.41,0.000173
2007-09-12,2298.14,0.000147
2007-09-13,2317.63,0.000139
2007-09-14,2318.11,0.000121
2007-09-17,2306.25,0.000115
2007-09-18,2373.63,0.000119
2007-09-19,2388.15,0.000112
2007-09-20,2372.61,0.000099
2007-09-21,2383.55,0.000106
2007-09-24,2371.03,0.000096
2007-09-25,2370.26,0.000100
2007-09-26,2383.53,0.000096
2007-09-27,2392.92,0.000086
2007-09-28,2385.72,0.000077
2007-10-01,2417.44,0.000079
2007-10-02,2416.83,0.000067
2007-10-03,2406.30,0.000065
2007-10-04,2411.41,0.000069
2007-10-05,2435.16,0.000064
2007-10-08,2427.33,0.000055
2007-10-09,2447.03,0.000058
2007-10-10,2443.02,0.000050
2007-10-11,2430.55,0.000051
2007-10-12,2442.12,0.000056
2007-10-15,2421.67,0.000050
2007-10-16,2405.76,0.000062
2007-10-17,2410.22,0.000070
2007-10-18,2408.46,0.000065
2007-10-19,2346.78,0.000063
2007-10-22,2355.74,0.000129
2007-10-23,2376.47,0.000117
2007-10-24,2370.71,0.000101
2007-10-25,2368.43,0.000101
2007-10-26,2401.07,0.000097
2007-10-29,2410.33,0.000083
2007-10-30,2394.81,0.000075
2007-10-31,2423.67,0.000083
2007-11-01,2360.21,0.000071
2007-11-02,2362.21,0.000140
2007-11-05,2350.69,0.000131
2007-11-06,2379.05,0.000135
2007-11-07,2310.41,0.000115
2007-11-08,2309.18,0.000203
2007-11-09,2276.26,0.000193
2007-11-12,2253.53,0.000224
2007-11-13,2319.86,0.000240
2007-11-14,2304.06,0.000205
2007-11-15,2273.73,0.000211
2007-11-16,2285.67,0.000238
2007-11-19,2245.81,0.000214
2007-11-20,2256.02,0.000258
2007-11-21,2220.21,0.000234
2007-11-23,2257.95,0.000272
2007-11-26,2205.49,0.000230
2007-11-27,2238.52,0.000301
2007-11-28,2303.17,0.000257
2007-11-29,2304.43,0.000219
2007-11-30,2322.34,0.000206
2007-12-03,2308.74,0.000181
2007-12-04,2293.65,0.000185
2007-12-05,2329.71,0.000191
2007-12-06,2364.97,0.000162
2007-12-07,2360.79,0.000137
2007-12-10,2378.60,0.000134
2007-12-11,2318.51,0.000117
2007-12-12,2332.85,0.000188
2007-12-13,2335.79,0.000168
2007-12-14,2303.79,0.000157
2007-12-17,2269.24,0.000185
2007-12-18,2283.50,0.000218
2007-12-19,2280.47,0.000195
2007-12-20,2292.23,0.000187
2007-12-21,2330.81,0.000168
2007-12-24,2349.66,0.000142
2007-12-26,2351.60,0.000124
2007-12-27,2318.72,0.000117
2007-12-28,2322.11,0.000145
2007-12-31,2306.23,0.000135
2008-01-02,2273.41,0.000143
2008-01-04,2217.59,0.000172
2008-01-07,2224.76,0.000246
2008-01-08,2184.67,0.000225
2008-01-09,2214.60,0.000271
2008-01-10,2232.24,0.000233
2008-01-11,2202.03,0.000205
2008-01-14,2225.98,0.000233
2008-01-15,2170.51,0.000202
2008-01-16,2158.57,0.000280
2008-01-17,2095.86,0.000279
2008-01-18,2083.24,0.000385
2008-01-22,2060.15,0.000382
2008-01-23,2104.37,0.000399
2008-01-24,2125.60,0.000337
2008-01-25,2091.88,0.000296
2008-01-28,2128.64,0.000334
2008-01-29,2141.85,0.000284
2008-01-30,2131.78,0.000254
2008-01-31,2167.90,0.000253
2008-02-01,2194.43,0.000214
2008-02-04,2171.51,0.000184
2008-02-05,2102.23,0.000201
2008-02-06,2087.05,0.000316
2008-02-07,2104.02,0.000321
2008-02-08,2095.21,0.000284
2008-02-11,2107.65,0.000280
2008-02-12,2123.06,0.000251
2008-02-13,2152.76,0.000223
2008-02-14,2123.94,0.000190
2008-02-15,2125.85,0.000217
2008-02-19,2124.12,0.000204
2008-02-20,2141.95,0.000194
2008-02-21,2115.13,0.000170
2008-02-22,2132.02,0.000195
2008-02-25,2161.51,0.000171
2008-02-26,2176.48,0.000145
2008-02-27,2175.00,0.000128
2008-02-28,2155.81,0.000123
2008-02-29,2097.47,0.000136
2008-03-03,2098.64,0.000218
2008-03-04,2091.42,0.000205
2008-03-05,2103.42,0.000202
2008-03-06,2057.44,0.000181
2008-03-07,2040.17,0.000242
2008-03-10,2008.71,0.000252
2008-03-11,2083.36,0.000288
2008-03-12,2065.21,0.000252
2008-03-13,2075.88,0.000263
2008-03-14,2032.79,0.000237
2008-03-17,2014.88,0.000296
2008-03-18,2100.38,0.000307
2008-03-19,2049.40,0.000274
2008-03-20,2098.46,0.000353
2008-03-24,2130.62,0.000296
2008-03-25,2135.54,0.000253
2008-03-26,2116.93,0.000234
2008-03-27,2093.11,0.000245
2008-03-28,2076.56,0.000265
2008-03-31,2088.42,0.000273
2008-04-01,2163.38,0.000245
2008-04-02,2159.63,0.000217
2008-04-03,2162.46,0.000209
2008-04-04,2164.21,0.000195
2008-04-07,2167.61,0.000183
2008-04-08,2157.28,0.000170
2008-04-09,2139.99,0.000172
2008-04-10,2149.67,0.000182
2008-04-11,2106.01,0.000164
2008-04-14,2098.92,0.000218
2008-04-15,2108.59,0.000214
2008-04-16,2156.67,0.000194
2008-04-17,2158.08,0.000164
2008-04-18,2197.24,0.000154
2008-04-21,2193.87,0.000130
2008-04-22,2174.59,0.000127
2008-04-23,2180.91,0.000140
2008-04-24,2194.96,0.000128
2008-04-25,2209.25,0.000113
2008-04-28,2207.02,0.000100
2008-04-29,2198.50,0.000097
2008-04-30,2190.13,0.000099
2008-05-01,2228.09,0.000101
2008-05-02,2235.30,0.000087
2008-05-05,2225.37,0.000079
2008-05-06,2242.47,0.000083
2008-05-07,2202.77,0.000072
2008-05-08,2210.95,0.000109
2008-05-09,2196.54,0.000099
2008-05-12,2220.81,0.000107
2008-05-13,2220.46,0.000091
2008-05-14,2229.74,0.000088
2008-05-15,2253.76,0.000079
2008-05-16,2256.63,0.000068
2008-05-19,2258.74,0.000064
2008-05-20,2237.79,0.000060
2008-05-21,2202.02,0.000074
2008-05-22,2208.20,0.000106
2008-05-23,2179.05,0.000097
2008-05-27,2193.98,0.000122
2008-05-28,2203.10,0.000107
2008-05-29,2215.12,0.000097
2008-05-30,2218.50,0.000086
2008-06-02,2195.27,0.000080
2008-06-03,2182.65,0.000097
2008-06-04,2183.01,0.000103
2008-06-05,2225.74,0.000098
2008-06-06,2157.24,0.000086
2008-06-09,2159.03,0.000178
2008-06-10,2153.77,0.000167
2008-06-11,2117.84,0.000164
2008-06-12,2124.94,0.000203
2008-06-13,2156.96,0.000185
2008-06-16,2157.14,0.000157
2008-06-17,2142.55,0.000149
2008-06-18,2121.78,0.000156
2008-06-19,2130.30,0.000172
2008-06-20,2090.81,0.000156
2008-06-23,2090.94,0.000202
2008-06-24,2085.08,0.000191
2008-06-25,2097.36,0.000187
2008-06-26,2036.40,0.000167
2008-06-27,2028.89,0.000262
2008-06-30,2031.47,0.000257
2008-07-01,2039.66,0.000240
2008-07-02,2002.64,0.000218
2008-07-03,2004.87,0.000265
2008-07-07,1988.09,0.000248
2008-07-08,2022.83,0.000257
2008-07-09,1976.97,0.000218
2008-07-10,1990.78,0.000285
2008-07-11,1968.86,0.000254
2008-07-14,1951.08,0.000273
2008-07-15,1929.85,0.000285
2008-07-16,1978.47,0.000303
2008-07-17,2002.30,0.000254
2008-07-18,2002.88,0.000220
2008-07-21,2001.86,0.000207
2008-07-22,2028.91,0.000197
2008-07-23,2037.15,0.000168
2008-07-24,1990.09,0.000152
2008-07-25,1998.41,0.000217
2008-07-28,1961.23,0.000197
2008-07-29,2007.21,0.000245
2008-07-30,2040.81,0.000207
2008-07-31,2014.39,0.000175
2008-08-01,2003.16,0.000200
2008-08-04,1985.23,0.000203
2008-08-05,2042.44,0.000216
2008-08-06,2050.23,0.000186
2008-08-07,2013.66,0.000169
2008-08-08,2061.77,0.000212
2008-08-11,2076.59,0.000180
2008-08-12,2051.66,0.000159
2008-08-13,2046.35,0.000181
2008-08-14,2057.72,0.000177
2008-08-15,2066.36,0.000158
2008-08-18,2035.30,0.000143
2008-08-19,2016.52,0.000176
2008-08-20,2029.15,0.000190
2008-08-21,2034.35,0.000169
2008-08-22,2057.64,0.000155
2008-08-25,2017.27,0.000133
2008-08-26,2024.72,0.000182
2008-08-27,2041.24,0.000166
2008-08-28,2071.86,0.000145
2008-08-29,2043.53,0.000123
2008-09-02,2035.24,0.000150
2008-09-03,2032.13,0.000151
2008-09-04,1971.37,0.000146
2008-09-05,1980.18,0.000244
2008-09-08,2021.13,0.000221
2008-09-09,1952.14,0.000186
2008-09-10,1964.25,0.000313
2008-09-11,1992.00,0.000281
2008-09-12,1996.25,0.000240
2008-09-15,1902.17,0.000222
2008-09-16,1935.49,0.000445
2008-09-17,1844.31,0.000380
2008-09-18,1924.85,0.000626
2008-09-19,2002.32,0.000528
2008-09-22,1925.85,0.000446
2008-09-23,1895.78,0.000625
2008-09-24,1892.05,0.000660
2008-09-25,1929.24,0.000629
2008-09-26,1935.79,0.000539
2008-09-29,1765.72,0.000496
2008-09-30,1861.44,0.001233
2008-10-01,1853.26,0.001032
2008-10-02,1778.90,0.000992
2008-10-03,1754.91,0.001216
2008-10-06,1687.33,0.001222
2008-10-07,1590.51,0.001437
2008-10-08,1573.34,0.001875
2008-10-09,1453.52,0.001836
2008-10-10,1436.56,0.002573
2008-10-13,1602.93,0.002510
2008-10-14,1594.41,0.002188
2008-10-15,1450.50,0.002091
2008-10-16,1512.21,0.003097
2008-10-17,1502.84,0.002653
2008-10-20,1574.50,0.002539
2008-10-21,1526.02,0.002149
2008-10-22,1433.22,0.002287
2008-10-23,1451.37,0.002809
2008-10-24,1401.29,0.002544
2008-10-27,1356.78,0.002719
2008-10-28,1503.16,0.002860
2008-10-29,1486.73,0.002434
2008-10-30,1525.37,0.002372
2008-10-31,1548.81,0.002074
2008-11-03,1544.91,0.001855
2008-11-04,1608.00,0.001758
2008-11-05,1524.21,0.001486
2008-11-06,1448.01,0.001859
2008-11-07,1490.31,0.002219
2008-11-10,1471.64,0.001924
2008-11-11,1439.22,0.001897
2008-11-12,1365.15,0.001953
2008-11-13,1459.82,0.002334
2008-11-14,1399.20,0.001950
2008-11-17,1363.14,0.002208
2008-11-18,1376.81,0.002292
2008-11-19,1292.76,0.002085
2008-11-20,1206.04,0.002603
2008-11-21,1282.59,0.003235
2008-11-24,1365.63,0.002717
2008-11-25,1374.79,0.002274
2008-11-26,1423.90,0.002088
2008-11-28,1437.68,0.001787
2008-12-01,1309.39,0.001621
2008-12-02,1361.79,0.002560
2008-12-03,1397.72,0.002189
2008-12-04,1356.81,0.001908
2008-12-05,1406.36,0.002033
2008-12-08,1460.60,0.001736
2008-12-09,1426.88,0.001471
2008-12-10,1444.00,0.001545
2008-12-11,1403.20,0.001388
2008-12-12,1413.07,0.001507
2008-12-15,1395.21,0.001377
2008-12-16,1466.87,0.001372
2008-12-17,1452.88,0.001147
2008-12-18,1422.19,0.001131
2008-12-19,1426.39,0.001194
2008-12-22,1400.42,0.001106
2008-12-23,1387.08,0.001149
2008-12-24,1395.75,0.001132
2008-12-26,1403.22,0.001034
2008-12-29,1398.25,0.000947
2008-12-30,1432.65,0.000907
2008-12-31,1452.98,0.000774
2009-01-02,1499.17,0.000680
2009-01-05,1492.21,0.000570
2009-01-06,1503.87,0.000554
2009-01-07,1459.58,0.000497
2009-01-08,1464.60,0.000616
2009-01-09,1433.41,0.000567
2009-01-12,1401.07,0.000636
2009-01-13,1403.63,0.000712
2009-01-14,1356.79,0.000662
2009-01-15,1358.64,0.000816
2009-01-16,1368.92,0.000761
2009-01-20,1296.63,0.000687
2009-01-21,1353.33,0.001019
2009-01-22,1332.84,0.000852
2009-01-23,1340.02,0.000880
2009-01-26,1347.47,0.000805
2009-01-27,1362.18,0.000734
2009-01-28,1408.07,0.000653
2009-01-29,1361.54,0.000547
2009-01-30,1330.51,0.000693
2009-02-02,1329.81,0.000771
2009-02-03,1350.88,0.000727
2009-02-04,1341.77,0.000633
2009-02-05,1363.82,0.000624
2009-02-06,1401.06,0.000540
2009-02-09,1403.19,0.000454
2009-02-10,1334.30,0.000422
2009-02-11,1345.50,0.000691
2009-02-12,1348.15,0.000620
2009-02-13,1334.83,0.000576
2009-02-17,1274.26,0.000583
2009-02-18,1273.29,0.000833
2009-02-19,1258.82,0.000786
2009-02-20,1244.72,0.000794
2009-02-23,1201.56,0.000800
2009-02-24,1249.76,0.000969
2009-02-25,1236.74,0.000812
2009-02-26,1217.49,0.000813
2009-02-27,1188.84,0.000844
2009-03-02,1133.43,0.000928
2009-03-03,1126.18,0.001213
2009-03-04,1153.35,0.001175
2009-03-05,1104.38,0.001012
2009-03-06,1106.00,0.001259
2009-03-09,1095.04,0.001175
2009-03-10,1164.83,0.001160
2009-03-11,1168.07,0.000982
2009-03-12,1215.87,0.000910
2009-03-13,1225.32,0.000761
2009-03-16,1221.03,0.000687
2009-03-17,1260.29,0.000660
2009-03-18,1286.62,0.000553
2009-03-19,1269.92,0.000471
2009-03-20,1244.85,0.000495
2009-03-23,1333.21,0.000554
2009-03-24,1306.03,0.000536
2009-03-25,1318.61,0.000598
2009-03-26,1349.37,0.000532
2009-03-27,1322.19,0.000450
2009-03-30,1276.22,0.000511
2009-03-31,1292.98,0.000669
2009-04-01,1314.63,0.000587
2009-04-02,1352.47,0.000507
2009-04-03,1365.66,0.000426
2009-04-06,1354.36,0.000376
2009-04-07,1322.91,0.000382
2009-04-08,1338.53,0.000459
2009-04-09,1389.49,0.000402
2009-04-13,1393.13,0.000342
2009-04-14,1365.20,0.000316
2009-04-15,1382.36,0.000374
2009-04-16,1403.89,0.000325
2009-04-17,1410.85,0.000277
2009-04-20,1350.52,0.000251
2009-04-21,1379.22,0.000444
2009-04-22,1368.92,0.000376
2009-04-23,1382.52,0.000379
2009-04-24,1405.74,0.000334
2009-04-27,1391.58,0.000284
2009-04-28,1387.82,0.000299
2009-04-29,1417.99,0.000290
2009-04-30,1416.73,0.000244
2009-05-01,1424.41,0.000232
2009-05-04,1472.64,0.000209
2009-05-05,1467.25,0.000186
2009-05-06,1493.31,0.000184
2009-05-07,1473.66,0.000155
2009-05-08,1509.14,0.000182
2009-05-11,1477.20,0.000155
2009-05-12,1475.83,0.000212
2009-05-13,1436.74,0.000202
2009-05-14,1451.79,0.000288
2009-05-15,1435.48,0.000251
2009-05-18,1479.24,0.000271
2009-05-19,1476.94,0.000231
2009-05-20,1469.47,0.000222
2009-05-21,1445.28,0.000222
2009-05-22,1443.14,0.000262
2009-05-26,1481.10,0.000251
2009-05-27,1453.28,0.000212
2009-05-28,1475.94,0.000262
2009-05-29,1495.97,0.000223
2009-06-01,1534.65,0.000190
2009-06-02,1537.69,0.000163
2009-06-03,1516.88,0.000151
2009-06-04,1534.59,0.000178
2009-06-05,1530.82,0.000153
2009-06-08,1529.59,0.000150
2009-06-09,1535.03,0.000144
2009-06-10,1529.76,0.000131
2009-06-11,1539.50,0.000131
2009-06-12,1541.70,0.000116
2009-06-15,1505.06,0.000108
2009-06-16,1485.92,0.000172
2009-06-17,1483.90,0.000197
2009-06-18,1496.59,0.000189
2009-06-19,1501.25,0.000166
2009-06-22,1455.54,0.000152
2009-06-23,1458.92,0.000253
2009-06-24,1468.48,0.000234
2009-06-25,1499.98,0.000208
2009-06-26,1498.08,0.000176
2009-06-29,1511.70,0.000169
2009-06-30,1498.94,0.000147
2009-07-01,1505.64,0.000159
2009-07-02,1461.80,0.000143
2009-07-06,1465.58,0.000236
2009-07-07,1436.74,0.000218
2009-07-08,1435.20,0.000271
2009-07-09,1440.30,0.000259
2009-07-10,1434.50,0.000236
2009-07-13,1470.43,0.000234
2009-07-14,1478.24,0.000197
2009-07-15,1522.09,0.000177
2009-07-16,1535.30,0.000156
2009-07-17,1534.70,0.000136
2009-07-20,1552.26,0.000130
2009-07-21,1557.91,0.000111
2009-07-22,1557.37,0.000101
2009-07-23,1593.65,0.000097
2009-07-24,1598.50,0.000088
2009-07-27,1603.26,0.000080
2009-07-28,1599.09,0.000073
2009-07-29,1592.00,0.000074
2009-07-30,1611.14,0.000078
2009-07-31,1612.31,0.000067
2009-08-03,1637.06,0.000063
2009-08-04,1642.03,0.000056
2009-08-05,1637.81,0.000051
2009-08-06,1628.82,0.000053
2009-08-07,1650.73,0.000059
2009-08-10,1645.26,0.000051
2009-08-11,1624.91,0.000054
2009-08-12,1644.23,0.000074
2009-08-13,1655.66,0.000064
2009-08-14,1641.54,0.000056
2009-08-17,1602.06,0.000068
2009-08-18,1618.60,0.000127
2009-08-19,1629.92,0.000109
2009-08-20,1647.85,0.000096
2009-08-21,1678.84,0.000082
2009-08-24,1677.94,0.000072
2009-08-25,1681.92,0.000070
2009-08-26,1682.29,0.000065
2009-08-27,1687.16,0.000062
2009-08-28,1684.05,0.000057
2009-08-31,1670.52,0.000058
2009-09-01,1633.63,0.000068
2009-09-02,1628.66,0.000121
2009-09-03,1642.68,0.000120
2009-09-04,1664.34,0.000105
2009-09-08,1679.32,0.000089
2009-09-09,1692.48,0.000077
2009-09-10,1710.14,0.000067
2009-09-11,1708.19,0.000058
2009-09-14,1719.04,0.000057
2009-09-15,1724.45,0.000050
2009-09-16,1750.91,0.000046
2009-09-17,1745.80,0.000042
2009-09-18,1750.43,0.000044
2009-09-21,1744.47,0.000041
2009-09-22,1755.99,0.000044
2009-09-23,1738.32,0.000039
2009-09-24,1722.02,0.000053
2009-09-25,1711.53,0.000067
2009-09-28,1742.32,0.000074
2009-09-29,1738.48,0.000065
2009-09-30,1732.86,0.000066
2009-10-01,1688.24,0.000068
2009-10-02,1680.70,0.000135
2009-10-05,1705.73,0.000137
2009-10-06,1729.14,0.000116
2009-10-07,1734.74,0.000099
2009-10-08,1747.70,0.000090
2009-10-09,1757.60,0.000078
2009-10-12,1765.31,0.000070
2009-10-13,1760.51,0.000063
2009-10-14,1791.47,0.000064
2009-10-15,1798.91,0.000057
2009-10-16,1784.35,0.000052
2009-10-19,1801.12,0.000063
2009-10-20,1789.93,0.000054
2009-10-21,1774.33,0.000061
2009-10-22,1793.34,0.000074
2009-10-23,1771.50,0.000063
2009-10-26,1750.75,0.000084
2009-10-27,1744.95,0.000104
2009-10-28,1711.09,0.000105
2009-10-29,1749.76,0.000151
2009-10-30,1700.67,0.000129
2009-11-02,1711.65,0.000216
2009-11-03,1715.81,0.000192
2009-11-04,1718.21,0.000177
2009-11-05,1751.45,0.000165
2009-11-06,1756.07,0.000139
2009-11-09,1795.56,0.000128
2009-11-10,1795.90,0.000111
2009-11-11,1804.93,0.000106
2009-11-12,1786.66,0.000094
2009-11-13,1796.93,0.000111
2009-11-16,1823.29,0.000098
2009-11-17,1825.18,0.000084
2009-11-18,1824.61,0.000079
2009-11-19,1800.12,0.000076
2009-11-20,1794.65,0.000101
2009-11-23,1819.17,0.000101
2009-11-24,1818.31,0.000086
2009-11-25,1826.74,0.000083
2009-11-27,1795.70,0.000075
2009-11-30,1802.68,0.000110
2009-12-01,1824.54,0.000099
2009-12-02,1825.40,0.000085
2009-12-03,1810.13,0.000081
2009-12-04,1820.11,0.000092
2009-12-07,1815.70,0.000082
2009-12-08,1797.31,0.000082
2009-12-09,1804.10,0.000098
2009-12-10,1814.81,0.000089
2009-12-11,1821.80,0.000079
2009-12-14,1834.55,0.000071
2009-12-15,1824.37,0.000062
2009-12-16,1826.45,0.000068
2009-12-17,1804.96,0.000065
2009-12-18,1815.50,0.000084
2009-12-21,1834.59,0.000074
2009-12-22,1841.17,0.000064
2009-12-23,1845.80,0.000058
2009-12-24,1855.50,0.000054
2009-12-28,1857.89,0.000048
2009-12-29,1855.61,0.000045
2009-12-30,1856.14,0.000045
2009-12-31,1837.50,0.000044
2010-01-04,1867.06,0.000059
2010-01-05,1872.90,0.000052
2010-01-06,1874.73,0.000048
2010-01-07,1882.34,0.000046
2010-01-08,1887.77,0.000041
2010-01-11,1891.06,0.000038
2010-01-12,1873.32,0.000036
2010-01-13,1889.10,0.000049
2010-01-14,1893.72,0.000042
2010-01-15,1873.30,0.000039
2010-01-19,1896.72,0.000055
2010-01-20,1876.90,0.000048
2010-01-21,1841.39,0.000064
2010-01-22,1800.61,0.000104
2010-01-25,1808.93,0.000161
2010-01-26,1801.34,0.000145
2010-01-27,1810.21,0.000146
2010-01-28,1788.97,0.000131
2010-01-29,1771.40,0.000153
2010-02-01,1796.67,0.000168
2010-02-02,1819.99,0.000143
2010-02-03,1810.64,0.000122
2010-02-04,1754.30,0.000126
2010-02-05,1759.38,0.000227
2010-02-08,1744.37,0.000209
2010-02-09,1767.18,0.000220
2010-02-10,1763.69,0.000188
2010-02-11,1781.01,0.000182
2010-02-12,1776.50,0.000158
2010-02-16,1808.72,0.000155
2010-02-17,1816.70,0.000131
2010-02-18,1828.81,0.000118
2010-02-19,1833.09,0.000104
2010-02-22,1831.21,0.000096
2010-02-23,1809.05,0.000093
2010-02-24,1826.98,0.000115
2010-02-25,1823.64,0.000099
2010-02-26,1826.27,0.000097
2010-03-01,1844.87,0.000091
2010-03-02,1849.17,0.000078
2010-03-03,1850.24,0.000072
2010-03-04,1857.20,0.000069
2010-03-05,1883.28,0.000062
2010-03-08,1883.29,0.000054
2010-03-09,1886.60,0.000052
2010-03-10,1895.38,0.000049
2010-03-11,1903.68,0.000044
2010-03-12,1903.29,0.000040
2010-03-15,1904.19,0.000039
2010-03-16,1919.02,0.000038
2010-03-17,1930.22,0.000034
2010-03-18,1929.63,0.000030
2010-03-19,1919.80,0.000030
2010-03-22,1929.64,0.000035
2010-03-23,1943.70,0.000032
2010-03-24,1933.04,0.000028
2010-03-25,1929.75,0.000034
2010-03-26,1931.18,0.000035
2010-03-29,1942.51,0.000034
2010-03-30,1942.81,0.000031
2010-03-31,1936.48,0.000030
2010-04-01,1950.91,0.000033
2010-04-05,1966.44,0.000030
2010-04-06,1969.76,0.000026
2010-04-07,1959.04,0.000025
2010-04-08,1965.72,0.000031
2010-04-09,1978.86,0.000029
2010-04-12,1982.40,0.000026
2010-04-13,1983.91,0.000025
2010-04-14,2006.06,0.000024
2010-04-15,2007.74,0.000023
2010-04-16,1975.36,0.000023
2010-04-19,1984.32,0.000049
2010-04-20,2000.33,0.000044
2010-04-21,1998.31,0.000039
2010-04-22,2002.93,0.000039
2010-04-23,2017.19,0.000036
2010-04-26,2008.55,0.000032
2010-04-27,1961.60,0.000036
2010-04-28,1974.63,0.000088
2010-04-29,2000.34,0.000077
2010-04-30,1967.05,0.000066
2010-05-03,1992.87,0.000099
2010-05-04,1945.37,0.000085
2010-05-05,1933.25,0.000146
2010-05-06,1870.95,0.000152
2010-05-07,1842.32,0.000263
2010-05-10,1923.39,0.000299
2010-05-11,1917.25,0.000271
2010-05-12,1944.25,0.000265
2010-05-13,1920.76,0.000226
2010-05-14,1884.67,0.000249
2010-05-17,1887.11,0.000300
2010-05-18,1860.65,0.000280
2010-05-19,1851.28,0.000310
2010-05-20,1779.30,0.000307
2010-05-21,1806.04,0.000479
2010-05-24,1782.76,0.000414
2010-05-25,1783.39,0.000439
2010-05-26,1773.64,0.000412
2010-05-27,1832.60,0.000406
2010-05-28,1809.97,0.000342
2010-06-01,1778.99,0.000365
2010-06-02,1825.25,0.000410
2010-06-03,1832.72,0.000344
2010-06-04,1769.71,0.000314
2010-06-07,1745.87,0.000455
2010-06-08,1765.28,0.000482
2010-06-09,1754.90,0.000424
2010-06-10,1806.69,0.000419
2010-06-11,1815.25,0.000352
2010-06-14,1812.02,0.000319
2010-06-15,1854.61,0.000306
2010-06-16,1853.62,0.000257
2010-06-17,1856.24,0.000244
2010-06-18,1858.70,0.000228
2010-06-21,1851.54,0.000212
2010-06-22,1822.04,0.000210
2010-06-23,1816.64,0.000247
2010-06-24,1786.13,0.000241
2010-06-25,1791.24,0.000283
2010-06-28,1787.94,0.000260
2010-06-29,1732.55,0.000250
2010-06-30,1715.22,0.000365
2010-07-01,1709.77,0.000378
2010-07-02,1701.85,0.000366
2010-07-06,1710.97,0.000359
2010-07-07,1765.42,0.000325
2010-07-08,1782.09,0.000275
2010-07-09,1794.93,0.000241
2010-07-12,1796.29,0.000214
2010-07-13,1824.07,0.000201
2010-07-14,1823.82,0.000170
2010-07-15,1825.99,0.000161
2010-07-16,1773.42,0.000151
2010-07-19,1784.06,0.000243
2010-07-20,1804.47,0.000218
2010-07-21,1781.59,0.000188
2010-07-22,1821.75,0.000213
2010-07-23,1836.75,0.000180
2010-07-26,1857.33,0.000157
2010-07-27,1855.38,0.000135
2010-07-28,1842.65,0.000130
2010-07-29,1835.29,0.000138
2010-07-30,1835.40,0.000139
2010-08-02,1875.84,0.000132
2010-08-03,1866.86,0.000114
2010-08-04,1878.81,0.000117
2010-08-05,1876.51,0.000104
2010-08-06,1869.76,0.000101
2010-08-09,1880.05,0.000102
2010-08-10,1868.87,0.000091
2010-08-11,1817.12,0.000098
2010-08-12,1807.60,0.000178
2010-08-13,1800.38,0.000180
2010-08-16,1800.70,0.000180
2010-08-17,1823.18,0.000170
2010-08-18,1826.14,0.000145
2010-08-19,1795.24,0.000135
2010-08-20,1788.67,0.000174
2010-08-23,1781.47,0.000173
2010-08-24,1755.64,0.000172
2010-08-25,1761.62,0.000204
2010-08-26,1748.13,0.000186
2010-08-27,1777.60,0.000195
2010-08-30,1751.79,0.000165
2010-08-31,1752.54,0.000196
2010-09-01,1804.45,0.000185
2010-09-02,1820.97,0.000162
2010-09-03,1845.10,0.000141
2010-09-07,1824.04,0.000120
2010-09-08,1836.20,0.000140
2010-09-09,1845.09,0.000123
2010-09-10,1854.10,0.000111
2010-09-13,1875.40,0.000099
2010-09-14,1874.07,0.000085
2010-09-15,1880.74,0.000082
2010-09-16,1880.36,0.000075
2010-09-17,1881.92,0.000072
2010-09-20,1910.60,0.000068
2010-09-21,1905.73,0.000059
2010-09-22,1896.77,0.000061
2010-09-23,1880.97,0.000065
2010-09-24,1920.84,0.000077
2010-09-27,1909.97,0.000070
2010-09-28,1919.58,0.000076
2010-09-29,1914.83,0.000068
2010-09-30,1908.95,0.000069
2010-10-01,1917.42,0.000071
2010-10-04,1902.14,0.000064
2010-10-05,1941.81,0.000074
2010-10-06,1941.50,0.000068
2010-10-07,1938.30,0.000066
2010-10-08,1950.18,0.000065
2010-10-11,1950.46,0.000058
2010-10-12,1957.92,0.000056
2010-10-13,1972.07,0.000050
2010-10-14,1964.89,0.000044
2010-10-15,1968.87,0.000047
2010-10-18,1983.16,0.000044
2010-10-19,1951.67,0.000039
2010-10-20,1972.51,0.000067
2010-10-21,1976.12,0.000058
2010-10-22,1980.83,0.000054
2010-10-25,1985.10,0.000050
2010-10-26,1985.13,0.000047
2010-10-27,1980.05,0.000045
2010-10-28,1982.45,0.000047
2010-10-29,1981.58,0.000045
2010-11-01,1983.47,0.000044
2010-11-02,1998.86,0.000042
2010-11-03,2006.58,0.000037
2010-11-04,2045.61,0.000034
2010-11-05,2053.77,0.000037
2010-11-08,2049.69,0.000033
2010-11-09,2033.84,0.000035
2010-11-10,2043.15,0.000045
2010-11-11,2034.48,0.000040
2010-11-12,2010.56,0.000044
2010-11-15,2008.24,0.000063
2010-11-16,1976.25,0.000062
2010-11-17,1976.99,0.000093
2010-11-18,2007.38,0.000088
2010-11-19,2012.58,0.000076
2010-11-22,2009.51,0.000070
2010-11-23,1980.89,0.000069
2010-11-24,2010.56,0.000095
2010-11-26,1996.02,0.000082
2010-11-29,1993.83,0.000091
2010-11-30,1981.83,0.000088
2010-12-01,2024.96,0.000095
2010-12-02,2050.96,0.000085
2010-12-03,2056.39,0.000072
2010-12-06,2053.80,0.000067
2010-12-07,2054.88,0.000066
2010-12-08,2063.02,0.000063
2010-12-09,2071.11,0.000057
2010-12-10,2083.56,0.000051
2010-12-13,2083.99,0.000045
2010-12-14,2085.93,0.000044
2010-12-15,2075.28,0.000042
2010-12-16,2088.19,0.000048
2010-12-17,2089.94,0.000042
2010-12-20,2095.32,0.000040
2010-12-21,2108.26,0.000037
2010-12-22,2115.69,0.000033
2010-12-23,2112.37,0.000031
2010-12-27,2113.66,0.000032
2010-12-28,2115.32,0.000031
2010-12-29,2117.83,0.000030
2010-12-30,2114.69,0.000029
2010-12-31,2114.28,0.000030
