date,sp500,tnote10
2000-12-29,1837.37,1.0307
2001-01-02,1785.86,1.0456
2001-01-03,1875.56,1.0279
2001-01-04,1855.82,1.0368
2001-01-05,1807.13,1.0455
2001-01-08,1804.04,1.0443
2001-01-09,1810.98,1.0407
2001-01-10,1828.50,1.0334
2001-01-11,1847.37,1.0325
2001-01-12,1835.54,1.0217
2001-01-16,1847.13,1.0241
2001-01-17,1851.16,1.0286
2001-01-18,1876.94,1.0335
2001-01-19,1869.38,1.0293
2001-01-22,1869.89,1.0255
2001-01-23,1894.25,1.0215
2001-01-24,1899.71,1.0200
2001-01-25,1890.27,1.0248
2001-01-26,1886.80,1.0227
2001-01-29,1899.75,1.0205
2001-01-30,1913.13,1.0267
2001-01-31,1902.55,1.0350
2001-02-01,1913.11,1.0373
2001-02-02,1879.69,1.0320
2001-02-05,1886.48,1.0314
2001-02-06,1883.72,1.0309
2001-02-07,1868.29,1.0285
2001-02-08,1856.66,1.0308
2001-02-09,1831.96,1.0350
2001-02-12,1853.65,1.0330
2001-02-13,1837.77,1.0322
2001-02-14,1834.10,1.0260
2001-02-15,1849.15,1.0253
2001-02-16,1814.22,1.0302
2001-02-20,1782.75,1.0305
2001-02-21,1749.86,1.0281
2001-02-22,1746.50,1.0273
2001-02-23,1736.82,1.0312
2001-02-26,1767.29,1.0364
2001-02-27,1753.88,1.0425
2001-02-28,1729.08,1.0477
2001-03-01,1730.92,1.0482
2001-03-02,1721.09,1.0428
2001-03-05,1731.42,1.0408
2001-03-06,1748.74,1.0423
2001-03-07,1760.36,1.0481
2001-03-08,1764.39,1.0469
2001-03-09,1720.71,1.0446
2001-03-12,1646.42,1.0486
2001-03-13,1671.19,1.0458
2001-03-14,1628.02,1.0539
2001-03-15,1637.61,1.0569
2001-03-16,1605.48,1.0584
2001-03-19,1633.81,1.0557
2001-03-20,1594.50,1.0605
2001-03-21,1565.98,1.0591
2001-03-22,1559.65,1.0623
2001-03-23,1590.70,1.0585
2001-03-26,1608.65,1.0543
2001-03-27,1649.79,1.0440
2001-03-28,1609.67,1.0470
2001-03-29,1602.26,1.0448
2001-03-30,1619.54,1.0521
2001-04-02,1599.36,1.0479
2001-04-03,1544.35,1.0518
2001-04-04,1540.17,1.0526
2001-04-05,1607.46,1.0482
2001-04-06,1575.71,1.0552
2001-04-09,1588.50,1.0524
2001-04-10,1631.69,1.0404
2001-04-11,1628.23,1.0370
2001-04-12,1652.83,1.0324
2001-04-16,1647.50,1.0280
2001-04-17,1664.44,1.0307
2001-04-18,1729.26,1.0364
2001-04-19,1750.98,1.0246
2001-04-20,1736.02,1.0254
2001-04-23,1710.01,1.0345
2001-04-24,1689.23,1.0322
2001-04-25,1716.17,1.0287
2001-04-26,1724.38,1.0342
2001-04-27,1750.32,1.0241
2001-04-30,1745.39,1.0232
2001-05-01,1769.12,1.0271
2001-05-02,1770.66,1.0273
2001-05-03,1744.54,1.0334
2001-05-04,1769.78,1.0335
2001-05-07,1765.49,1.0353
2001-05-08,1762.41,1.0315
2001-05-09,1754.72,1.0377
2001-05-10,1754.46,1.0277
2001-05-11,1741.33,1.0163
2001-05-14,1746.01,1.0182
2001-05-15,1746.75,1.0126
2001-05-16,1796.72,1.0166
2001-05-17,1801.63,1.0206
2001-05-18,1806.83,1.0209
2001-05-21,1836.02,1.0232
2001-05-22,1831.20,1.0214
2001-05-23,1802.84,1.0226
2001-05-24,1808.64,1.0147
2001-05-25,1787.28,1.0148
2001-05-29,1773.46,1.0134
2001-05-30,1746.11,1.0147
2001-05-31,1757.09,1.0246
2001-06-01,1763.87,1.0258
2001-06-04,1772.92,1.0279
2001-06-05,1795.96,1.0335
2001-06-06,1777.25,1.0350
2001-06-07,1786.99,1.0300
2001-06-08,1770.21,1.0275
2001-06-11,1755.43,1.0333
2001-06-12,1757.48,1.0363
2001-06-13,1737.94,1.0355
2001-06-14,1707.56,1.0387
2001-06-15,1699.85,1.0377
2001-06-18,1691.59,1.0366
2001-06-19,1697.41,1.0383
2001-06-20,1712.26,1.0408
2001-06-21,1731.76,1.0438
2001-06-22,1715.39,1.0479
2001-06-25,1705.94,1.0478
2001-06-26,1703.37,1.0405
2001-06-27,1695.61,1.0390
2001-06-28,1716.81,1.0323
2001-06-29,1714.32,1.0268
2001-07-02,1731.53,1.0341
2001-07-03,1728.65,1.0294
2001-07-05,1707.68,1.0285
2001-07-06,1667.90,1.0315
2001-07-09,1679.40,1.0346
2001-07-10,1655.31,1.0394
2001-07-11,1653.54,1.0373
2001-07-12,1692.73,1.0421
2001-07-13,1703.31,1.0434
2001-07-16,1684.77,1.0482
2001-07-17,1701.57,1.0454
2001-07-18,1692.27,1.0540
2001-07-19,1702.52,1.0531
2001-07-20,1696.67,1.0517
2001-07-23,1668.90,1.0539
2001-07-24,1641.76,1.0539
2001-07-25,1668.16,1.0482
2001-07-26,1685.62,1.0521
2001-07-27,1689.79,1.0546
2001-07-30,1688.03,1.0571
2001-07-31,1697.45,1.0582
2001-08-01,1704.24,1.0577
2001-08-02,1711.17,1.0513
2001-08-03,1702.43,1.0505
2001-08-06,1683.03,1.0523
2001-08-07,1688.60,1.0511
2001-08-08,1659.58,1.0604
2001-08-09,1659.76,1.0566
2001-08-10,1669.21,1.0607
2001-08-13,1670.96,1.0618
2001-08-14,1664.61,1.0610
2001-08-15,1652.71,1.0590
2001-08-16,1657.88,1.0637
2001-08-17,1630.35,1.0725
2001-08-20,1643.59,1.0679
2001-08-21,1623.74,1.0710
2001-08-22,1635.16,1.0682
2001-08-23,1630.67,1.0698
2001-08-24,1662.74,1.0669
2001-08-27,1654.72,1.0672
2001-08-28,1629.91,1.0737
2001-08-29,1612.05,1.0795
2001-08-30,1584.77,1.0762
2001-08-31,1591.18,1.0745
2001-09-04,1590.29,1.0651
2001-09-05,1588.93,1.0647
2001-09-06,1553.41,1.0719
2001-09-07,1524.47,1.0793
2001-09-10,1533.98,1.0755
2001-09-21,1356.61,1.0826
2001-09-24,1409.50,1.0830
2001-09-25,1421.91,1.0911
2001-09-26,1415.01,1.0974
2001-09-27,1431.29,1.1041
2001-09-28,1462.69,1.1014
2001-10-01,1459.33,1.1063
2001-10-02,1477.29,1.1091
2001-10-03,1507.03,1.1122
2001-10-04,1503.31,1.1091
2001-10-05,1506.11,1.1097
2001-10-09,1485.63,1.1024
2001-10-10,1519.77,1.1022
2001-10-11,1542.98,1.0969
2001-10-12,1534.86,1.0965
2001-10-15,1532.52,1.1027
2001-10-16,1543.15,1.1062
2001-10-17,1514.50,1.1057
2001-10-18,1502.61,1.1054
2001-10-19,1509.46,1.1018
2001-10-22,1532.55,1.1004
2001-10-23,1525.35,1.1001
2001-10-24,1525.96,1.1044
2001-10-25,1546.90,1.1082
2001-10-26,1553.26,1.1106
2001-10-29,1516.39,1.1146
2001-10-30,1490.44,1.1210
2001-10-31,1490.58,1.1364
2001-11-01,1524.96,1.1362
2001-11-02,1529.35,1.1252
2001-11-05,1551.39,1.1315
2001-11-06,1573.93,1.1354
2001-11-07,1570.16,1.1419
2001-11-08,1574.09,1.1329
2001-11-09,1576.61,1.1311
2001-11-13,1603.28,1.1256
2001-11-14,1606.64,1.1124
2001-11-15,1608.09,1.0919
2001-11-16,1603.17,1.0864
2001-11-19,1620.66,1.0909
2001-11-20,1608.90,1.0852
2001-11-21,1601.02,1.0779
2001-11-23,1619.78,1.0748
2001-11-26,1629.76,1.0742
2001-11-27,1618.62,1.0821
2001-11-28,1589.38,1.0819
2001-11-29,1605.99,1.0960
2001-11-30,1604.92,1.0964
2001-12-03,1591.48,1.1021
2001-12-04,1612.46,1.1047
2001-12-05,1649.00,1.0852
2001-12-06,1644.48,1.0759
2001-12-07,1632.10,1.0640
2001-12-10,1606.23,1.0695
2001-12-11,1601.76,1.0735
2001-12-12,1602.45,1.0773
2001-12-13,1577.58,1.0721
2001-12-14,1582.81,1.0630
2001-12-17,1598.74,1.0637
2001-12-18,1610.83,1.0690
2001-12-19,1620.27,1.0753
2001-12-20,1606.92,1.0768
2001-12-21,1613.94,1.0723
2001-12-24,1613.60,1.0682
2001-12-26,1620.26,1.0641
2001-12-27,1631.69,1.0748
2001-12-28,1637.23,1.0713
2001-12-31,1618.98,1.0774
2002-01-02,1628.51,1.0684
2002-01-03,1643.48,1.0725
2002-01-04,1653.69,1.0711
2002-01-07,1642.95,1.0780
2002-01-08,1637.48,1.0754
2002-01-09,1629.70,1.0778
2002-01-10,1631.72,1.0841
2002-01-11,1616.35,1.0929
2002-01-14,1606.20,1.0923
2002-01-15,1617.18,1.0959
2002-01-16,1591.04,1.0962
2002-01-17,1607.02,1.0889
2002-01-18,1591.08,1.0919
2002-01-22,1579.41,1.0906
2002-01-23,1591.94,1.0818
2002-01-24,1597.55,1.0833
2002-01-25,1599.14,1.0788
2002-01-28,1598.86,1.0788
2002-01-29,1553.23,1.0892
2002-01-30,1571.69,1.0842
2002-01-31,1595.35,1.0823
2002-02-01,1584.06,1.0871
2002-02-04,1544.89,1.0934
2002-02-05,1538.70,1.0943
2002-02-06,1529.68,1.0921
2002-02-07,1525.26,1.0900
2002-02-08,1547.94,1.0933
2002-02-11,1570.21,1.0915
2002-02-12,1563.95,1.0856
2002-02-13,1580.03,1.0844
2002-02-14,1577.29,1.0882
2002-02-15,1559.98,1.0954
2002-02-19,1530.58,1.0948
2002-02-20,1551.37,1.0938
2002-02-21,1527.34,1.0960
2002-02-22,1539.91,1.0982
2002-02-25,1567.59,1.0973
2002-02-26,1567.65,1.0908
2002-02-27,1569.01,1.0991
2002-02-28,1564.59,1.0953
2002-03-01,1600.02,1.0875
2002-03-04,1631.25,1.0858
2002-03-05,1620.37,1.0861
2002-03-06,1644.20,1.0822
2002-03-07,1636.86,1.0685
2002-03-08,1646.44,1.0612
2002-03-11,1652.04,1.0615
2002-03-12,1648.28,1.0628
2002-03-13,1632.46,1.0659
2002-03-14,1631.00,1.0553
2002-03-15,1649.56,1.0609
2002-03-18,1648.73,1.0639
2002-03-19,1655.44,1.0654
2002-03-20,1629.43,1.0554
2002-03-21,1631.93,1.0591
2002-03-22,1625.02,1.0565
2002-03-25,1601.21,1.0560
2002-03-26,1610.81,1.0615
2002-03-27,1619.45,1.0617
2002-03-28,1623.43,1.0562
2002-04-01,1622.23,1.0554
2002-04-02,1608.39,1.0624
2002-04-03,1592.60,1.0680
2002-04-04,1593.96,1.0699
2002-04-05,1588.88,1.0741
2002-04-08,1592.88,1.0705
2002-04-09,1582.36,1.0749
2002-04-10,1600.36,1.0727
2002-04-11,1562.52,1.0750
2002-04-12,1572.89,1.0793
2002-04-15,1560.92,1.0811
2002-04-16,1597.48,1.0770
2002-04-17,1594.32,1.0739
2002-04-18,1592.08,1.0767
2002-04-19,1593.07,1.0769
2002-04-22,1568.52,1.0790
2002-04-23,1558.79,1.0806
2002-04-24,1547.74,1.0846
2002-04-25,1545.40,1.0862
2002-04-26,1524.08,1.0897
2002-04-29,1508.75,1.0849
2002-04-30,1525.00,1.0872
2002-05-01,1538.65,1.0901
2002-05-02,1536.16,1.0870
2002-05-03,1520.44,1.0906
2002-05-06,1491.05,1.0900
2002-05-07,1486.57,1.0912
2002-05-08,1542.53,1.0780
2002-05-09,1520.39,1.0827
2002-05-10,1494.87,1.0865
2002-05-13,1522.80,1.0787
2002-05-14,1555.04,1.0741
2002-05-15,1546.73,1.0771
2002-05-16,1556.93,1.0833
2002-05-17,1569.17,1.0764
2002-05-20,1548.31,1.0821
2002-05-21,1531.32,1.0855
2002-05-22,1540.12,1.0886
2002-05-23,1555.82,1.0867
2002-05-24,1537.02,1.0872
2002-05-28,1523.89,1.0886
2002-05-29,1514.33,1.0941
2002-05-30,1510.25,1.0976
2002-05-31,1513.77,1.0961
2002-06-03,1476.26,1.0999
2002-06-04,1476.28,1.0979
2002-06-05,1489.88,1.0963
2002-06-06,1460.50,1.1023
2002-06-07,1458.21,1.0952
2002-06-10,1462.78,1.0986
2002-06-11,1438.47,1.1032
2002-06-12,1448.16,1.1049
2002-06-13,1433.01,1.1101
2002-06-14,1429.78,1.1187
2002-06-17,1470.84,1.1150
2002-06-18,1472.25,1.1163
2002-06-19,1447.98,1.1252
2002-06-20,1428.55,1.1206
2002-06-21,1404.21,1.1221
2002-06-24,1409.30,1.1174
2002-06-25,1385.77,1.1184
2002-06-26,1382.78,1.1249
2002-06-27,1407.11,1.1189
2002-06-28,1405.94,1.1197
2002-07-01,1375.88,1.1227
2002-07-02,1346.96,1.1270
2002-07-03,1355.40,1.1245
2002-07-05,1405.20,1.1161
2002-07-08,1388.44,1.1222
2002-07-09,1354.23,1.1280
2002-07-10,1308.30,1.1379
2002-07-11,1318.18,1.1360
2002-07-12,1309.68,1.1419
2002-07-15,1304.76,1.1376
2002-07-16,1280.78,1.1330
2002-07-17,1287.98,1.1326
2002-07-18,1253.21,1.1396
2002-07-19,1205.16,1.1471
2002-07-22,1165.48,1.1539
2002-07-23,1133.99,1.1584
2002-07-24,1199.01,1.1536
2002-07-25,1192.28,1.1603
2002-07-26,1212.41,1.1599
2002-07-29,1278.10,1.1458
2002-07-30,1283.62,1.1432
2002-07-31,1296.34,1.1542
2002-08-01,1258.22,1.1603
2002-08-02,1229.19,1.1688
2002-08-05,1187.07,1.1770
2002-08-06,1222.59,1.1658
2002-08-07,1247.28,1.1685
2002-08-08,1288.12,1.1641
2002-08-09,1292.94,1.1758
2002-08-12,1286.09,1.1802
2002-08-13,1258.36,1.1910
2002-08-14,1309.04,1.1865
2002-08-15,1324.32,1.1822
2002-08-16,1322.36,1.1690
2002-08-19,1353.63,1.1733
2002-08-20,1334.70,1.1861
2002-08-21,1351.82,1.1815
2002-08-22,1370.85,1.1712
2002-08-23,1339.79,1.1781
2002-08-26,1349.88,1.1798
2002-08-27,1331.20,1.1756
2002-08-28,1307.28,1.1815
2002-08-29,1307.28,1.1883
2002-08-30,1304.86,1.1891
2002-09-03,1250.68,1.2046
2002-09-04,1273.03,1.2046
2002-09-05,1252.77,1.2079
2002-09-06,1273.88,1.2007
2002-09-09,1286.79,1.1967
2002-09-10,1296.23,1.2028
2002-09-11,1296.25,1.1970
2002-09-12,1264.42,1.2052
2002-09-13,1268.57,1.2106
2002-09-16,1270.45,1.2106
2002-09-17,1245.39,1.2195
2002-09-18,1239.70,1.2173
2002-09-19,1202.47,1.2236
2002-09-20,1205.42,1.2229
2002-09-23,1188.76,1.2314
2002-09-24,1168.22,1.2366
2002-09-25,1197.56,1.2262
2002-09-26,1219.60,1.2243
2002-09-27,1180.28,1.2351
2002-09-30,1163.04,1.2415
2002-10-01,1209.59,1.2300
2002-10-02,1181.32,1.2347
2002-10-03,1168.57,1.2336
2002-10-04,1142.36,1.2350
2002-10-07,1120.52,1.2408
2002-10-08,1139.90,1.2390
2002-10-09,1108.91,1.2457
2002-10-10,1147.80,1.2367
2002-10-11,1192.63,1.2222
2002-10-15,1258.24,1.2048
2002-10-16,1228.01,1.2002
2002-10-17,1255.42,1.1858
2002-10-18,1262.84,1.1945
2002-10-21,1284.73,1.1818
2002-10-22,1271.08,1.1809
2002-10-23,1279.63,1.1839
2002-10-24,1260.17,1.1946
2002-10-25,1281.81,1.1969
2002-10-28,1271.20,1.1973
2002-10-29,1259.79,1.2118
2002-10-30,1272.25,1.2097
2002-10-31,1265.41,1.2164
2002-11-01,1287.13,1.2058
2002-11-04,1297.69,1.2023
2002-11-05,1307.80,1.2002
2002-11-06,1320.04,1.2038
2002-11-07,1290.15,1.2212
2002-11-08,1278.94,1.2259
2002-11-12,1262.14,1.2237
2002-11-13,1261.97,1.2246
2002-11-14,1293.21,1.2031
2002-11-15,1301.28,1.2067
2002-11-18,1287.79,1.2113
2002-11-19,1282.61,1.2120
2002-11-20,1307.61,1.2038
2002-11-21,1335.75,1.1952
2002-11-22,1331.17,1.1930
2002-11-25,1334.52,1.1934
2002-11-26,1306.79,1.2042
2002-11-27,1343.47,1.1859
2002-11-29,1339.89,1.1907
2002-12-02,1337.35,1.1893
2002-12-03,1317.65,1.1921
2002-12-04,1313.54,1.1966
2002-12-05,1297.80,1.1986
2002-12-06,1305.99,1.2031
2002-12-09,1277.05,1.2086
2002-12-10,1294.91,1.2072
2002-12-11,1295.91,1.2099
2002-12-12,1291.16,1.2097
2002-12-13,1273.83,1.2055
2002-12-16,1303.85,1.1985
2002-12-17,1293.26,1.2019
2002-12-18,1276.36,1.2100
2002-12-19,1266.79,1.2194
2002-12-20,1283.26,1.2175
2002-12-23,1285.60,1.2170
2002-12-24,1278.58,1.2210
2002-12-26,1274.56,1.2240
2002-12-27,1254.66,1.2330
2002-12-30,1260.42,1.2350
2002-12-31,1261.18,1.2329
2003-01-02,1303.17,1.2124
2003-01-03,1302.55,1.2131
2003-01-06,1331.82,1.2105
2003-01-07,1323.17,1.2151
2003-01-08,1304.95,1.2141
2003-01-09,1330.31,1.1995
2003-01-10,1330.29,1.2031
2003-01-13,1328.50,1.2050
2003-01-14,1336.25,1.2093
2003-01-15,1317.18,1.2109
2003-01-16,1312.01,1.2090
2003-01-17,1293.63,1.2157
2003-01-21,1273.31,1.2204
2003-01-22,1260.16,1.2258
2003-01-23,1273.04,1.2241
2003-01-24,1235.84,1.2248
2003-01-27,1215.86,1.2218
2003-01-28,1231.74,1.2215
2003-01-29,1240.31,1.2167
2003-01-30,1212.23,1.2224
2003-01-31,1228.14,1.2227
2003-02-03,1234.79,1.2195
2003-02-04,1217.40,1.2270
2003-02-05,1211.04,1.2198
2003-02-06,1203.58,1.2254
2003-02-07,1191.46,1.2265
2003-02-10,1200.51,1.2235
2003-02-11,1190.83,1.2247
2003-02-12,1176.15,1.2294
2003-02-13,1174.43,1.2352
2003-02-14,1199.61,1.2274
2003-02-18,1223.11,1.2283
2003-02-19,1214.66,1.2345
2003-02-20,1203.18,1.2363
2003-02-21,1219.10,1.2344
2003-02-24,1196.71,1.2391
2003-02-25,1205.32,1.2417
2003-02-26,1189.98,1.2467
2003-02-27,1204.11,1.2497
2003-02-28,1209.71,1.2548
2003-03-03,1200.60,1.2561
2003-03-04,1182.17,1.2594
2003-03-05,1193.87,1.2613
2003-03-06,1182.82,1.2588
2003-03-07,1192.62,1.2604
2003-03-10,1161.85,1.2684
2003-03-11,1152.15,1.2666
2003-03-12,1157.61,1.2669
2003-03-13,1197.56,1.2501
2003-03-14,1199.55,1.2544
2003-03-17,1242.09,1.2412
2003-03-18,1247.40,1.2347
2003-03-19,1258.37,1.2273
2003-03-20,1260.77,1.2298
2003-03-21,1289.74,1.2156
2003-03-24,1244.31,1.2296
2003-03-25,1259.44,1.2317
2003-03-26,1252.59,1.2333
2003-03-27,1250.71,1.2338
2003-03-28,1243.51,1.2362
2003-03-31,1221.46,1.2466
2003-04-01,1236.30,1.2456
2003-04-02,1268.82,1.2338
2003-04-03,1262.43,1.2356
2003-04-04,1265.90,1.2317
2003-04-07,1267.49,1.2296
2003-04-08,1265.57,1.2342
2003-04-09,1247.99,1.2380
2003-04-10,1256.04,1.2335
2003-04-11,1251.41,1.2307
2003-04-14,1275.82,1.2269
2003-04-15,1283.96,1.2301
2003-04-16,1268.28,1.2347
2003-04-17,1287.99,1.2329
2003-04-21,1285.72,1.2307
2003-04-22,1313.63,1.2330
2003-04-23,1324.68,1.2319
2003-04-24,1313.75,1.2373
2003-04-25,1295.57,1.2409
2003-04-28,1318.85,1.2395
2003-04-29,1323.26,1.2373
2003-04-30,1322.07,1.2465
2003-05-01,1321.39,1.2467
2003-05-02,1341.28,1.2385
2003-05-05,1336.24,1.2426
2003-05-06,1347.54,1.2523
2003-05-07,1340.87,1.2637
2003-05-08,1327.42,1.2634
2003-05-09,1346.68,1.2651
2003-05-12,1363.61,1.2693
2003-05-13,1359.74,1.2735
2003-05-14,1355.76,1.2825
2003-05-15,1366.59,1.2807
2003-05-16,1363.32,1.2930
2003-05-19,1329.38,1.2870
2003-05-20,1327.87,1.2997
2003-05-21,1333.33,1.2958
2003-05-22,1345.53,1.3044
2003-05-23,1347.49,1.3022
2003-05-27,1373.86,1.2944
2003-05-28,1376.58,1.2938
2003-05-29,1371.51,1.3028
2003-05-30,1391.72,1.2995
2003-06-02,1396.70,1.2958
2003-06-03,1403.29,1.3048
2003-06-04,1424.91,1.3088
2003-06-05,1430.64,1.3033
2003-06-06,1427.28,1.3029
2003-06-09,1410.21,1.3108
2003-06-10,1423.11,1.3202
2003-06-11,1441.86,1.3178
2003-06-12,1443.41,1.3233
2003-06-13,1429.11,1.3285
2003-06-16,1461.15,1.3221
2003-06-17,1462.48,1.3132
2003-06-18,1460.32,1.3027
2003-06-19,1438.09,1.3052
2003-06-20,1439.54,1.3026
2003-06-23,1419.24,1.3078
2003-06-24,1421.86,1.3149
2003-06-25,1410.10,1.2992
2003-06-26,1425.82,1.2851
2003-06-27,1411.97,1.2852
2003-06-30,1409.48,1.2884
2003-07-01,1421.03,1.2847
2003-07-02,1437.61,1.2865
2003-07-03,1425.97,1.2743
2003-07-07,1453.07,1.2662
2003-07-08,1458.51,1.2683
2003-07-09,1450.51,1.2718
2003-07-10,1430.96,1.2747
2003-07-11,1444.70,1.2781
2003-07-14,1453.00,1.2683
2003-07-15,1448.02,1.2422
2003-07-16,1438.86,1.2485
2003-07-17,1421.11,1.2482
2003-07-18,1437.89,1.2408
2003-07-21,1416.88,1.2205
2003-07-22,1430.35,1.2288
2003-07-23,1431.10,1.2305
2003-07-24,1420.96,1.2251
2003-07-25,1445.70,1.2238
2003-07-28,1442.58,1.2140
2003-07-29,1432.31,1.1991
2003-07-30,1429.91,1.2117
2003-07-31,1434.33,1.2023
2003-08-01,1419.64,1.2048
2003-08-04,1423.51,1.2147
2003-08-05,1398.42,1.2045
2003-08-06,1401.01,1.2166
2003-08-07,1411.27,1.2220
2003-08-08,1416.30,1.2242
2003-08-11,1421.01,1.2158
2003-08-12,1435.17,1.2086
2003-08-13,1426.55,1.1958
2003-08-14,1435.96,1.1937
2003-08-15,1436.43,1.1992
2003-08-18,1449.65,1.2075
2003-08-19,1453.45,1.2180
2003-08-20,1450.61,1.2106
2003-08-21,1454.98,1.2065
2003-08-22,1440.17,1.2062
2003-08-25,1441.11,1.2025
2003-08-26,1445.51,1.2073
2003-08-27,1445.84,1.2011
2003-08-28,1454.70,1.2124
2003-08-29,1462.30,1.2079
2003-09-02,1482.61,1.1943
2003-09-03,1489.25,1.1954
2003-09-04,1491.77,1.2045
2003-09-05,1482.24,1.2213
2003-09-08,1497.22,1.2141
2003-09-09,1484.93,1.2222
2003-09-10,1467.29,1.2303
2003-09-11,1475.72,1.2256
2003-09-12,1478.94,1.2311
2003-09-15,1473.43,1.2307
2003-09-16,1494.50,1.2306
2003-09-17,1489.70,1.2399
2003-09-18,1509.47,1.2418
2003-09-19,1504.74,1.2409
2003-09-22,1485.16,1.2369
2003-09-23,1494.19,1.2393
2003-09-24,1465.66,1.2457
2003-09-25,1457.09,1.2508
2003-09-26,1448.03,1.2585
2003-09-29,1462.20,1.2513
2003-09-30,1446.77,1.2653
2003-10-01,1479.23,1.2660
2003-10-02,1482.36,1.2598
2003-10-03,1496.32,1.2396
2003-10-06,1502.86,1.2429
2003-10-07,1510.05,1.2344
2003-10-08,1502.65,1.2367
2003-10-09,1509.86,1.2313
2003-10-10,1509.00,1.2345
2003-10-14,1525.60,1.2272
2003-10-15,1521.95,1.2219
2003-10-16,1526.80,1.2161
2003-10-17,1511.18,1.2228
2003-10-20,1518.97,1.2244
2003-10-21,1520.93,1.2282
2003-10-22,1498.28,1.2371
2003-10-23,1503.26,1.2311
2003-10-24,1496.20,1.2397
2003-10-27,1499.43,1.2371
2003-10-28,1522.21,1.2455
2003-10-29,1524.41,1.2339
2003-10-30,1523.12,1.2294
2003-10-31,1528.62,1.2344
2003-11-03,1540.71,1.2300
2003-11-04,1532.34,1.2347
2003-11-05,1530.54,1.2291
2003-11-06,1539.75,1.2241
2003-11-07,1533.02,1.2212
2003-11-10,1524.26,1.2210
2003-11-12,1541.49,1.2259
2003-11-13,1541.30,1.2385
2003-11-14,1529.84,1.2463
2003-11-17,1520.07,1.2460
2003-11-18,1506.32,1.2540
2003-11-19,1518.51,1.2447
2003-11-20,1505.76,1.2533
2003-11-21,1508.21,1.2529
2003-11-24,1532.69,1.2460
2003-11-25,1535.49,1.2502
2003-11-26,1542.40,1.2442
2003-11-28,1542.07,1.2364
2003-12-01,1559.50,1.2322
2003-12-02,1554.42,1.2328
2003-12-03,1552.09,1.2310
2003-12-04,1559.47,1.2346
2003-12-05,1547.52,1.2480
2003-12-08,1558.96,1.2444
2003-12-09,1545.68,1.2368
2003-12-10,1544.31,1.2410
2003-12-11,1562.23,1.2492
2003-12-12,1566.50,1.2484
2003-12-15,1557.66,1.2473
2003-12-16,1568.02,1.2516
2003-12-17,1570.15,1.2545
2003-12-18,1588.90,1.2606
2003-12-19,1588.19,1.2599
2003-12-22,1594.43,1.2567
2003-12-23,1598.93,1.2478
2003-12-24,1596.05,1.2553
2003-12-26,1598.75,1.2592
2003-12-29,1619.16,1.2510
2003-12-30,1619.59,1.2490
2003-12-31,1622.94,1.2499
2004-01-02,1618.05,1.2384
2004-01-05,1638.10,1.2380
2004-01-06,1640.31,1.2487
2004-01-07,1644.60,1.2515
2004-01-08,1652.83,1.2505
2004-01-09,1638.14,1.2682
2004-01-12,1646.03,1.2678
2004-01-13,1637.33,1.2759
2004-01-14,1650.96,1.2776
2004-01-15,1653.21,1.2801
2004-01-16,1664.57,1.2762
2004-01-20,1663.03,1.2723
2004-01-21,1676.07,1.2759
2004-01-22,1670.73,1.2831
2004-01-23,1667.26,1.2708
2004-01-26,1687.44,1.2656
2004-01-27,1670.91,1.2714
2004-01-28,1648.44,1.2598
2004-01-29,1657.09,1.2615
2004-01-30,1652.73,1.2662
2004-02-02,1658.79,1.2652
2004-02-03,1659.92,1.2702
2004-02-04,1646.29,1.2686
2004-02-05,1649.35,1.2637
2004-02-06,1670.14,1.2720
2004-02-09,1666.16,1.2754
2004-02-10,1674.55,1.2695
2004-02-11,1693.03,1.2780
2004-02-12,1684.92,1.2764
2004-02-13,1675.86,1.2789
2004-02-17,1692.22,1.2802
2004-02-18,1684.90,1.2788
2004-02-19,1678.01,1.2805
2004-02-20,1673.71,1.2746
2004-02-23,1669.20,1.2807
2004-02-24,1666.42,1.2822
2004-02-25,1673.34,1.2841
2004-02-26,1675.63,1.2817
2004-02-27,1675.70,1.2883
2004-03-01,1691.90,1.2881
2004-03-02,1681.88,1.2825
2004-03-03,1685.17,1.2814
2004-03-04,1690.83,1.2851
2004-03-05,1693.76,1.3016
2004-03-08,1679.74,1.3102
2004-03-09,1670.07,1.3165
2004-03-10,1645.79,1.3151
2004-03-11,1621.21,1.3180
2004-03-12,1641.42,1.3105
2004-03-15,1617.91,1.3118
2004-03-16,1627.03,1.3204
2004-03-17,1646.29,1.3183
2004-03-18,1644.21,1.3134
2004-03-19,1625.84,1.3118
2004-03-22,1604.80,1.3178
2004-03-23,1602.67,1.3203
2004-03-24,1598.85,1.3187
2004-03-25,1625.01,1.3159
2004-03-26,1623.36,1.3067
2004-03-29,1644.75,1.3006
2004-03-30,1651.43,1.2999
2004-03-31,1650.42,1.3065
2004-04-01,1659.16,1.3020
2004-04-02,1673.41,1.2747
2004-04-05,1686.24,1.2687
2004-04-06,1683.23,1.2747
2004-04-07,1672.14,1.2744
2004-04-08,1670.36,1.2697
2004-04-12,1679.02,1.2673
2004-04-13,1655.99,1.2556
2004-04-14,1654.17,1.2543
2004-04-15,1655.15,1.2507
2004-04-16,1663.62,1.2570
2004-04-19,1665.40,1.2528
2004-04-20,1639.49,1.2462
2004-04-21,1648.31,1.2495
2004-04-22,1671.63,1.2537
2004-04-23,1672.62,1.2464
2004-04-26,1665.20,1.2490
2004-04-27,1668.98,1.2542
2004-04-28,1646.20,1.2431
2004-04-29,1634.16,1.2394
2004-04-30,1624.51,1.2423
2004-05-03,1639.46,1.2438
2004-05-04,1642.50,1.2371
2004-05-05,1645.65,1.2358
2004-05-06,1634.75,1.2344
2004-05-07,1612.31,1.2181
2004-05-10,1595.38,1.2165
2004-05-11,1607.94,1.2208
2004-05-12,1611.15,1.2150
2004-05-13,1610.05,1.2105
2004-05-14,1609.12,1.2172
2004-05-17,1592.23,1.2273
2004-05-18,1603.14,1.2232
2004-05-19,1599.29,1.2208
2004-05-20,1600.06,1.2291
2004-05-21,1606.49,1.2241
2004-05-24,1609.22,1.2271
2004-05-25,1635.14,1.2284
2004-05-26,1638.16,1.2330
2004-05-27,1647.65,1.2393
2004-05-28,1646.80,1.2341
2004-06-01,1647.57,1.2306
2004-06-02,1653.67,1.2269
2004-06-03,1641.43,1.2299
2004-06-04,1650.08,1.2232
2004-06-07,1676.48,1.2250
2004-06-08,1679.21,1.2248
2004-06-09,1663.38,1.2209
2004-06-10,1671.02,1.2221
2004-06-14,1655.00,1.2162
2004-06-15,1664.92,1.2342
2004-06-16,1667.23,1.2295
2004-06-17,1665.02,1.2339
2004-06-18,1669.39,1.2314
2004-06-21,1662.46,1.2340
2004-06-22,1668.55,1.2314
2004-06-23,1682.75,1.2333
2004-06-24,1678.07,1.2383
2004-06-25,1668.93,1.2388
2004-06-28,1667.61,1.2302
2004-06-29,1671.84,1.2352
2004-06-30,1678.83,1.2454
2004-07-01,1661.53,1.2473
2004-07-02,1656.33,1.2574
2004-07-06,1642.84,1.2567
2004-07-07,1646.36,1.2569
2004-07-08,1632.89,1.2570
2004-07-09,1638.42,1.2585
2004-07-12,1640.73,1.2605
2004-07-13,1641.96,1.2586
2004-07-14,1636.62,1.2574
2004-07-15,1629.58,1.2574
2004-07-16,1621.81,1.2701
2004-07-19,1621.09,1.2708
2004-07-20,1632.52,1.2618
2004-07-21,1610.88,1.2595
2004-07-22,1615.27,1.2617
2004-07-23,1599.62,1.2636
2004-07-26,1596.48,1.2585
2004-07-27,1612.33,1.2468
2004-07-28,1613.50,1.2495
2004-07-29,1621.35,1.2510
2004-07-30,1623.26,1.2605
2004-08-02,1630.48,1.2635
2004-08-03,1620.28,1.2655
2004-08-04,1619.00,1.2663
2004-08-05,1592.64,1.2685
2004-08-06,1568.07,1.2866
2004-08-09,1569.96,1.2829
2004-08-10,1590.35,1.2798
2004-08-11,1586.43,1.2823
2004-08-12,1567.95,1.2841
2004-08-13,1570.44,1.2879
2004-08-16,1591.94,1.2848
2004-08-17,1595.57,1.2912
2004-08-18,1615.72,1.2866
2004-08-19,1609.97,1.2889
2004-08-20,1620.47,1.2877
2004-08-23,1616.68,1.2832
2004-08-24,1617.46,1.2843
2004-08-25,1630.49,1.2854
2004-08-26,1630.68,1.2902
2004-08-27,1634.83,1.2892
2004-08-30,1622.28,1.2944
2004-08-31,1629.83,1.3011
2004-09-01,1632.82,1.3007
2004-09-02,1651.14,1.2916
2004-09-03,1644.25,1.2840
2004-09-07,1655.65,1.2900
2004-09-08,1648.52,1.2976
2004-09-09,1651.65,1.2943
2004-09-10,1659.84,1.2956
2004-09-13,1663.10,1.3005
2004-09-14,1666.82,1.3018
2004-09-15,1655.10,1.2987
2004-09-16,1659.78,1.3082
2004-09-17,1667.25,1.3036
2004-09-20,1657.88,1.3098
2004-09-21,1668.39,1.3118
2004-09-22,1645.17,1.3177
2004-09-23,1637.82,1.3144
2004-09-24,1640.40,1.3135
2004-09-27,1630.67,1.3177
2004-09-28,1640.62,1.3168
2004-09-29,1647.79,1.3076
2004-09-30,1647.48,1.3047
2004-10-01,1672.49,1.2980
2004-10-04,1678.10,1.3005
2004-10-05,1677.09,1.2998
2004-10-06,1688.83,1.2949
2004-10-07,1672.08,1.2931
2004-10-08,1659.51,1.3045
2004-10-12,1659.07,1.3087
2004-10-13,1647.13,1.3133
2004-10-14,1631.81,1.3176
2004-10-15,1639.08,1.3133
2004-10-18,1647.70,1.3152
2004-10-19,1631.74,1.3168
2004-10-20,1632.49,1.3219
2004-10-21,1636.76,1.3207
2004-10-22,1620.85,1.3232
2004-10-25,1619.48,1.3235
2004-10-26,1643.57,1.3208
2004-10-27,1665.01,1.3117
2004-10-28,1668.55,1.3157
2004-10-29,1672.65,1.3192
2004-11-01,1673.11,1.3139
2004-11-02,1673.16,1.3162
2004-11-03,1692.22,1.3146
2004-11-04,1719.64,1.3147
2004-11-05,1726.34,1.3044
2004-11-08,1724.59,1.3004
2004-11-09,1724.08,1.2998
2004-11-10,1722.67,1.2983
2004-11-12,1754.33,1.3047
2004-11-15,1753.99,1.3045
2004-11-16,1741.72,1.3024
2004-11-17,1751.57,1.3106
2004-11-18,1753.97,1.3134
2004-11-19,1734.45,1.3037
2004-11-22,1744.71,1.3063
2004-11-23,1744.31,1.3053
2004-11-24,1751.55,1.3042
2004-11-26,1753.09,1.3005
2004-11-29,1747.34,1.2925
2004-11-30,1740.33,1.2905
2004-12-01,1766.90,1.2902
2004-12-02,1765.37,1.2861
2004-12-03,1766.63,1.2993
2004-12-06,1765.33,1.3032
2004-12-07,1745.84,1.3031
2004-12-08,1754.75,1.3122
2004-12-09,1764.35,1.3085
2004-12-10,1762.51,1.3097
2004-12-13,1778.54,1.3103
2004-12-14,1785.51,1.3132
2004-12-15,1789.14,1.3175
2004-12-16,1785.51,1.3079
2004-12-17,1772.19,1.3063
2004-12-20,1772.87,1.3083
2004-12-21,1788.93,1.3101
2004-12-22,1795.66,1.3076
2004-12-23,1796.49,1.3057
2004-12-27,1788.76,1.2997
2004-12-28,1801.58,1.3002
2004-12-29,1801.71,1.2973
2004-12-30,1801.98,1.3040
2004-12-31,1799.55,1.3078
2005-01-03,1784.96,1.3080
2005-01-04,1764.30,1.3012
2005-01-05,1758.07,1.3027
2005-01-06,1764.63,1.3042
2005-01-07,1762.12,1.3041
2005-01-10,1768.17,1.3039
2005-01-11,1757.51,1.3075
2005-01-12,1764.72,1.3082
2005-01-13,1749.48,1.3145
2005-01-14,1759.98,1.3102
2005-01-18,1777.04,1.3127
2005-01-19,1760.28,1.3144
2005-01-20,1746.61,1.3150
2005-01-21,1735.43,1.3173
2005-01-24,1729.33,1.3198
2005-01-25,1736.25,1.3130
2005-01-26,1744.72,1.3137
2005-01-27,1745.58,1.3121
2005-01-28,1740.96,1.3186
2005-01-31,1755.68,1.3200
2005-02-01,1767.79,1.3192
2005-02-02,1773.63,1.3194
2005-02-03,1769.26,1.3175
2005-02-04,1788.82,1.3253
2005-02-07,1786.92,1.3290
2005-02-08,1788.16,1.3315
2005-02-09,1773.28,1.3327
2005-02-10,1780.80,1.3267
2005-02-11,1793.54,1.3262
2005-02-14,1794.98,1.3280
2005-02-15,1801.06,1.3257
2005-02-16,1801.59,1.3206
2005-02-17,1787.41,1.3187
2005-02-18,1788.65,1.3111
2005-02-22,1762.76,1.3092
2005-02-23,1772.76,1.3118
2005-02-24,1787.34,1.3095
2005-02-25,1804.17,1.3111
2005-02-28,1792.63,1.3019
2005-03-01,1802.79,1.3025
2005-03-02,1802.92,1.3016
2005-03-03,1803.51,1.3014
2005-03-04,1820.88,1.3076
2005-03-07,1825.70,1.3089
2005-03-08,1817.12,1.3016
2005-03-09,1798.79,1.2902
2005-03-10,1802.20,1.2945
2005-03-11,1789.01,1.2884
2005-03-14,1799.14,1.2919
2005-03-15,1785.61,1.2890
2005-03-16,1771.35,1.2923
2005-03-17,1774.55,1.2958
2005-03-18,1773.72,1.2927
2005-03-21,1764.98,1.2916
2005-03-22,1747.03,1.2822
2005-03-23,1748.28,1.2864
2005-03-24,1746.62,1.2859
2005-03-28,1750.89,1.2826
2005-03-29,1737.94,1.2880
2005-03-30,1762.09,1.2908
2005-03-31,1760.89,1.2981
2005-04-01,1749.45,1.3014
2005-04-04,1754.43,1.3012
2005-04-05,1762.32,1.3003
2005-04-06,1766.69,1.3051
2005-04-07,1777.35,1.2992
2005-04-08,1762.52,1.3004
2005-04-11,1762.56,1.3050
2005-04-12,1772.44,1.3133
2005-04-13,1751.77,1.3124
2005-04-14,1734.25,1.3172
2005-04-15,1705.26,1.3259
2005-04-18,1710.27,1.3226
2005-04-19,1720.43,1.3299
2005-04-20,1697.74,1.3321
2005-04-21,1731.27,1.3207
2005-04-22,1719.66,1.3259
2005-04-25,1734.56,1.3262
2005-04-26,1719.09,1.3246
2005-04-27,1726.21,1.3290
2005-04-28,1707.13,1.3377
2005-04-29,1727.49,1.3320
2005-05-02,1735.43,1.3337
2005-05-03,1733.95,1.3366
2005-05-04,1755.92,1.3344
2005-05-05,1751.47,1.3381
2005-05-06,1749.65,1.3265
2005-05-09,1760.87,1.3249
2005-05-10,1742.06,1.3332
2005-05-11,1750.26,1.3344
2005-05-12,1732.89,1.3371
2005-05-13,1725.15,1.3404
2005-05-16,1742.74,1.3400
2005-05-17,1755.10,1.3416
2005-05-18,1773.01,1.3443
2005-05-19,1781.28,1.3419
2005-05-20,1778.59,1.3408
2005-05-23,1785.46,1.3481
2005-05-24,1785.80,1.3514
2005-05-25,1779.81,1.3453
2005-05-26,1791.41,1.3463
2005-05-27,1793.34,1.3469
2005-05-31,1782.46,1.3571
2005-06-01,1799.15,1.3664
2005-06-02,1802.19,1.3656
2005-06-03,1789.83,1.3579
2005-06-06,1792.14,1.3612
2005-06-07,1791.89,1.3659
2005-06-08,1788.30,1.3635
2005-06-09,1797.72,1.3624
2005-06-10,1793.51,1.3528
2005-06-13,1798.07,1.3497
2005-06-14,1802.73,1.3482
2005-06-15,1806.78,1.3488
2005-06-16,1813.35,1.3520
2005-06-17,1822.35,1.3519
2005-06-20,1821.06,1.3490
2005-06-21,1817.36,1.3559
2005-06-22,1817.80,1.3651
2005-06-23,1798.49,1.3642
2005-06-24,1784.77,1.3675
2005-06-27,1783.45,1.3697
2005-06-28,1800.07,1.3637
2005-06-29,1797.73,1.3628
2005-06-30,1784.99,1.3694
2005-07-01,1789.85,1.3582
2005-07-05,1805.68,1.3521
2005-07-06,1791.05,1.3556
2005-07-07,1795.55,1.3567
2005-07-08,1816.52,1.3542
2005-07-11,1827.91,1.3542
2005-07-12,1832.15,1.3497
2005-07-13,1833.98,1.3486
2005-07-14,1838.80,1.3469
2005-07-15,1840.93,1.3481
2005-07-18,1830.75,1.3433
2005-07-19,1843.07,1.3468
2005-07-20,1852.02,1.3492
2005-07-21,1839.80,1.3392
2005-07-22,1849.81,1.3445
2005-07-25,1842.85,1.3421
2005-07-26,1846.04,1.3441
2005-07-27,1854.72,1.3418
2005-07-28,1865.64,1.3479
2005-07-29,1851.37,1.3402
2005-08-01,1853.13,1.3378
2005-08-02,1866.28,1.3358
2005-08-03,1868.06,1.3400
2005-08-04,1854.30,1.3383
2005-08-05,1840.19,1.3315
2005-08-08,1835.37,1.3289
2005-08-09,1847.76,1.3321
2005-08-10,1845.16,1.3319
2005-08-11,1858.43,1.3388
2005-08-12,1847.31,1.3439
2005-08-15,1852.78,1.3406
2005-08-16,1830.99,1.3483
2005-08-17,1832.82,1.3426
2005-08-18,1831.09,1.3489
2005-08-19,1832.29,1.3486
2005-08-22,1835.32,1.3492
2005-08-23,1829.11,1.3518
2005-08-24,1817.22,1.3532
2005-08-25,1821.46,1.3544
2005-08-26,1810.52,1.3520
2005-08-29,1821.56,1.3541
2005-08-30,1815.97,1.3611
2005-08-31,1834.48,1.3690
2005-09-01,1836.37,1.3678
2005-09-02,1831.06,1.3677
2005-09-06,1854.23,1.3632
2005-09-07,1859.00,1.3591
2005-09-08,1852.00,1.3583
2005-09-09,1866.74,1.3611
2005-09-12,1865.45,1.3568
2005-09-13,1851.87,1.3608
2005-09-14,1845.84,1.3580
2005-09-15,1846.76,1.3531
2005-09-16,1862.11,1.3480
2005-09-19,1851.74,1.3511
2005-09-20,1837.20,1.3515
2005-09-21,1820.49,1.3582
2005-09-22,1827.54,1.3580
2005-09-23,1828.54,1.3512
2005-09-26,1829.05,1.3472
2005-09-27,1829.13,1.3486
2005-09-28,1831.32,1.3511
2005-09-29,1847.62,1.3476
2005-09-30,1849.33,1.3445
2005-10-03,1846.17,1.3399
2005-10-04,1827.96,1.3420
2005-10-05,1801.40,1.3436
2005-10-06,1794.04,1.3398
2005-10-07,1800.71,1.3430
2005-10-11,1784.22,1.3404
2005-10-12,1773.60,1.3355
2005-10-13,1772.36,1.3338
2005-10-14,1787.01,1.3323
2005-10-17,1792.33,1.3317
2005-10-18,1774.32,1.3336
2005-10-19,1801.01,1.3346
2005-10-20,1774.02,1.3373
2005-10-21,1776.73,1.3420
2005-10-24,1806.59,1.3368
2005-10-25,1802.30,1.3293
2005-10-26,1794.56,1.3248
2005-10-27,1776.01,1.3281
2005-10-28,1805.56,1.3267
2005-10-31,1818.50,1.3285
2005-11-01,1812.11,1.3278
2005-11-02,1830.43,1.3243
2005-11-03,1838.86,1.3193
2005-11-04,1839.16,1.3180
2005-11-07,1843.27,1.3216
2005-11-08,1837.80,1.3276
2005-11-09,1841.00,1.3202
2005-11-10,1856.90,1.3287
2005-11-14,1861.25,1.3236
2005-11-15,1854.28,1.3279
2005-11-16,1857.97,1.3366
2005-11-17,1875.49,1.3378
2005-11-18,1883.99,1.3353
2005-11-21,1893.93,1.3383
2005-11-22,1903.66,1.3418
2005-11-23,1910.39,1.3376
2005-11-25,1914.41,1.3418
2005-11-28,1898.37,1.3449
2005-11-29,1898.74,1.3380
2005-11-30,1887.28,1.3372
2005-12-01,1910.23,1.3351
2005-12-02,1910.86,1.3355
2005-12-05,1906.42,1.3316
2005-12-06,1908.89,1.3395
2005-12-07,1899.69,1.3368
2005-12-08,1897.57,1.3421
2005-12-09,1902.92,1.3360
2005-12-12,1904.59,1.3344
2005-12-13,1915.30,1.3372
2005-12-14,1923.44,1.3437
2005-12-15,1920.85,1.3436
2005-12-16,1915.40,1.3459
2005-12-19,1904.21,1.3469
2005-12-20,1903.81,1.3448
2005-12-21,1908.65,1.3429
2005-12-22,1917.16,1.3495
2005-12-23,1918.25,1.3546
2005-12-27,1899.93,1.3587
2005-12-28,1902.74,1.3558
2005-12-29,1897.20,1.3574
2005-12-30,1887.94,1.3542
2006-01-03,1918.96,1.3578
2006-01-04,1926.39,1.3599
2006-01-05,1926.44,1.3590
2006-01-06,1945.02,1.3573
2006-01-09,1952.13,1.3584
2006-01-10,1951.53,1.3523
2006-01-11,1958.56,1.3496
2006-01-12,1946.28,1.3549
2006-01-13,1948.64,1.3614
2006-01-17,1941.57,1.3637
2006-01-18,1934.21,1.3637
2006-01-19,1944.98,1.3594
2006-01-20,1909.35,1.3621
2006-01-23,1912.91,1.3620
2006-01-24,1917.54,1.3584
2006-01-25,1914.28,1.3496
2006-01-26,1928.17,1.3464
2006-01-27,1943.34,1.3462
2006-01-30,1945.66,1.3450
2006-01-31,1937.93,1.3467
2006-02-01,1941.75,1.3428
2006-02-02,1924.67,1.3433
2006-02-03,1914.50,1.3471
2006-02-06,1916.04,1.3461
2006-02-07,1900.58,1.3444
2006-02-08,1917.84,1.3424
2006-02-09,1915.10,1.3435
2006-02-10,1920.00,1.3399
2006-02-13,1914.02,1.3421
2006-02-14,1933.46,1.3397
2006-02-15,1940.69,1.3405
2006-02-16,1955.06,1.3417
2006-02-17,1951.83,1.3468
2006-02-21,1945.45,1.3445
2006-02-22,1960.26,1.3484
2006-02-23,1953.37,1.3456
2006-02-24,1956.14,1.3440
2006-02-27,1963.58,1.3426
2006-02-28,1943.19,1.3471
2006-03-01,1959.77,1.3436
2006-03-02,1956.60,1.3397
2006-03-03,1953.74,1.3344
2006-03-06,1940.20,1.3290
2006-03-07,1936.68,1.3311
2006-03-08,1941.17,1.3310
2006-03-09,1931.73,1.3316
2006-03-10,1945.93,1.3291
2006-03-13,1950.39,1.3289
2006-03-14,1970.66,1.3368
2006-03-15,1979.21,1.3339
2006-03-16,1982.76,1.3419
2006-03-17,1985.69,1.3393
2006-03-20,1982.40,1.3410
2006-03-21,1970.50,1.3358
2006-03-22,1982.40,1.3376
2006-03-23,1977.29,1.3340
2006-03-24,1979.24,1.3409
2006-03-27,1977.19,1.3383
2006-03-28,1964.47,1.3311
2006-03-29,1979.51,1.3292
2006-03-30,1975.60,1.3246
2006-03-31,1967.38,1.3254
2006-04-03,1971.93,1.3244
2006-04-04,1984.47,1.3246
2006-04-05,1993.21,1.3268
2006-04-06,1989.87,1.3211
2006-04-07,1969.30,1.3134
2006-04-10,1971.03,1.3165
2006-04-11,1956.12,1.3196
2006-04-12,1958.49,1.3138
2006-04-13,1960.01,1.3085
2006-04-17,1954.25,1.3121
2006-04-18,1988.18,1.3151
2006-04-19,1991.84,1.3112
2006-04-20,1994.23,1.3095
2006-04-21,1993.99,1.3128
2006-04-24,1989.20,1.3165
2006-04-25,1979.51,1.3073
2006-04-26,1985.29,1.3039
2006-04-27,1992.39,1.3075
2006-04-28,1993.79,1.3089
2006-05-01,1985.55,1.3017
2006-05-02,1997.75,1.3041
2006-05-03,1989.97,1.3014
2006-05-04,1996.74,1.3008
2006-05-05,2017.34,1.3061
2006-05-08,2015.84,1.3063
2006-05-09,2016.60,1.3051
2006-05-10,2013.99,1.3055
2006-05-11,1988.56,1.3029
2006-05-12,1966.27,1.2969
2006-05-15,1971.45,1.3020
2006-05-16,1967.79,1.3075
2006-05-17,1935.18,1.3032
2006-05-18,1922.32,1.3117
2006-05-19,1930.27,1.3121
2006-05-22,1922.72,1.3147
2006-05-23,1914.38,1.3159
2006-05-24,1917.48,1.3147
2006-05-25,1939.52,1.3116
2006-05-26,1950.87,1.3136
2006-05-30,1920.09,1.3119
2006-05-31,1936.41,1.3077
2006-06-01,1960.28,1.3100
2006-06-02,1964.11,1.3210
2006-06-05,1929.23,1.3190
2006-06-06,1927.13,1.3206
2006-06-07,1915.77,1.3193
2006-06-08,1918.59,1.3219
2006-06-09,1910.01,1.3246
2006-06-12,1885.81,1.3248
2006-06-13,1866.92,1.3264
2006-06-14,1876.67,1.3180
2006-06-15,1916.56,1.3145
2006-06-16,1909.52,1.3116
2006-06-19,1892.12,1.3112
2006-06-20,1892.13,1.3100
2006-06-21,1910.62,1.3099
2006-06-22,1900.98,1.3050
2006-06-23,1899.32,1.3035
2006-06-26,1908.56,1.3034
2006-06-27,1891.24,1.3066
2006-06-28,1901.98,1.3026
2006-06-29,1943.09,1.3071
2006-06-30,1939.03,1.3136
2006-07-03,1954.49,1.3129
2006-07-05,1940.55,1.3061
2006-07-06,1945.90,1.3104
2006-07-07,1932.75,1.3153
2006-07-10,1935.62,1.3166
2006-07-11,1943.66,1.3193
2006-07-12,1922.62,1.3194
2006-07-13,1897.73,1.3231
2006-07-14,1888.43,1.3235
2006-07-17,1885.82,1.3242
2006-07-18,1889.48,1.3175
2006-07-19,1924.74,1.3256
2006-07-20,1908.42,1.3283
2006-07-21,1894.94,1.3272
2006-07-24,1926.50,1.3273
2006-07-25,1938.68,1.3257
2006-07-26,1937.96,1.3291
2006-07-27,1930.32,1.3287
2006-07-28,1953.86,1.3334
2006-07-31,1951.00,1.3352
2006-08-01,1942.22,1.3357
2006-08-02,1954.18,1.3372
2006-08-03,1957.41,1.3377
2006-08-04,1956.05,1.3443
2006-08-07,1950.63,1.3423
2006-08-08,1944.22,1.3423
2006-08-09,1936.30,1.3409
2006-08-10,1945.61,1.3402
2006-08-11,1938.13,1.3367
2006-08-14,1940.50,1.3346
2006-08-15,1967.26,1.3418
2006-08-16,1982.81,1.3489
2006-08-17,1986.04,1.3487
2006-08-18,1993.43,1.3513
2006-08-21,1986.11,1.3545
2006-08-22,1988.10,1.3549
2006-08-23,1979.35,1.3547
2006-08-24,1984.09,1.3557
2006-08-25,1982.81,1.3579
2006-08-28,1993.06,1.3570
2006-08-29,1997.21,1.3580
2006-08-30,1998.08,1.3610
2006-08-31,1997.42,1.3640
2006-09-01,2008.47,1.3644
2006-09-05,2012.00,1.3600
2006-09-06,1992.42,1.3586
2006-09-07,1982.93,1.3596
2006-09-08,1990.44,1.3610
2006-09-11,1991.49,1.3593
2006-09-12,2012.32,1.3626
2006-09-13,2020.49,1.3638
2006-09-14,2017.86,1.3610
2006-09-15,2023.35,1.3612
2006-09-18,2025.39,1.3601
2006-09-19,2021.01,1.3676
2006-09-20,2031.59,1.3680
2006-09-21,2021.08,1.3772
2006-09-22,2016.09,1.3822
2006-09-25,2033.87,1.3873
2006-09-26,2049.20,1.3836
2006-09-27,2049.97,1.3825
2006-09-28,2053.93,1.3818
2006-09-29,2048.89,1.3801
2006-10-02,2041.99,1.3830
2006-10-03,2046.28,1.3825
2006-10-04,2071.45,1.3881
2006-10-05,2076.63,1.3837
2006-10-06,2071.05,1.3742
2006-10-10,2077.01,1.3688
2006-10-11,2071.90,1.3665
2006-10-12,2091.69,1.3671
2006-10-13,2095.97,1.3645
2006-10-16,2101.27,1.3671
2006-10-17,2093.58,1.3686
2006-10-18,2096.71,1.3700
2006-10-19,2098.32,1.3671
2006-10-20,2100.86,1.3670
2006-10-23,2113.82,1.3631
2006-10-24,2114.36,1.3644
2006-10-25,2121.83,1.3704
2006-10-26,2132.39,1.3755
2006-10-27,2114.65,1.3803
2006-10-30,2115.63,1.3810
2006-10-31,2115.65,1.3881
2006-11-01,2100.37,1.3919
2006-11-02,2100.21,1.3891
2006-11-03,2095.68,1.3776
2006-11-06,2119.53,1.3798
2006-11-07,2124.28,1.3842
2006-11-08,2129.22,1.3866
2006-11-09,2118.32,1.3877
2006-11-10,2122.26,1.3905
2006-11-13,2128.17,1.3893
2006-11-14,2141.95,1.3938
2006-11-15,2147.60,1.3887
2006-11-16,2152.57,1.3842
2006-11-17,2154.80,1.3910
2006-11-20,2153.76,1.3918
2006-11-21,2157.42,1.3946
2006-11-22,2162.65,1.3955
2006-11-24,2154.96,1.3976
2006-11-27,2125.67,1.4000
2006-11-28,2133.52,1.4029
2006-11-29,2154.09,1.4010
2006-11-30,2155.89,1.4076
2006-12-01,2149.85,1.4105
2006-12-04,2169.00,1.4121
2006-12-05,2177.75,1.4104
2006-12-06,2175.45,1.4064
2006-12-07,2166.87,1.4068
2006-12-08,2170.84,1.4001
2006-12-11,2175.80,1.4039
2006-12-12,2173.58,1.4073
2006-12-13,2176.52,1.3978
2006-12-14,2195.59,1.3966
2006-12-15,2198.07,1.3970
2006-12-18,2190.97,1.3986
2006-12-19,2195.80,1.3981
2006-12-20,2192.76,1.3978
2006-12-21,2185.21,1.4030
2006-12-22,2173.90,1.3958
2006-12-26,2183.38,1.3983
2006-12-27,2199.15,1.3929
2006-12-28,2196.00,1.3900
2006-12-29,2186.13,1.3875
2007-01-03,2183.92,1.3936
2007-01-04,2186.60,1.3999
2007-01-05,2173.29,1.3955
2007-01-08,2178.80,1.3952
2007-01-09,2177.68,1.3951
2007-01-10,2182.16,1.3920
2007-01-11,2196.02,1.3872
2007-01-12,2206.68,1.3833
2007-01-16,2208.48,1.3864
2007-01-17,2206.70,1.3831
2007-01-18,2200.20,1.3872
2007-01-19,2206.60,1.3839
2007-01-22,2195.00,1.3861
2007-01-23,2202.77,1.3811
2007-01-24,2221.56,1.3813
2007-01-25,2196.54,1.3745
2007-01-26,2193.89,1.3747
2007-01-29,2191.71,1.3735
2007-01-30,2204.40,1.3758
2007-01-31,2219.19,1.3825
2007-02-01,2231.61,1.3799
2007-02-02,2235.39,1.3814
2007-02-05,2233.44,1.3841
2007-02-06,2235.02,1.3882
2007-02-07,2239.05,1.3905
2007-02-08,2236.46,1.3911
2007-02-09,2220.72,1.3861
2007-02-12,2213.58,1.3842
2007-02-13,2230.80,1.3835
2007-02-14,2248.40,1.3917
2007-02-15,2250.97,1.3950
2007-02-16,2249.06,1.3967
2007-02-20,2255.48,1.3989
2007-02-21,2252.43,1.3973
2007-02-22,2251.03,1.3934
2007-02-23,2243.26,1.3996
2007-02-26,2240.73,1.4054
2007-02-27,2163.11,1.4179
2007-02-28,2175.78,1.4123
2007-03-01,2170.17,1.4144
2007-03-02,2145.43,1.4197
2007-03-05,2125.34,1.4201
2007-03-06,2158.36,1.4172
2007-03-07,2153.65,1.4214
2007-03-08,2169.14,1.4194
2007-03-09,2170.62,1.4117
2007-03-12,2176.50,1.4158
2007-03-13,2132.76,1.4224
2007-03-14,2147.18,1.4180
2007-03-15,2155.18,1.4182
2007-03-16,2146.93,1.4175
2007-03-19,2170.33,1.4163
2007-03-20,2184.10,1.4175
2007-03-21,2221.46,1.4192
2007-03-22,2220.68,1.4149
2007-03-23,2223.12,1.4119
2007-03-26,2225.26,1.4135
2007-03-27,2211.52,1.4139
2007-03-28,2194.38,1.4124
2007-03-29,2202.68,1.4099
2007-03-30,2200.12,1.4103
2007-04-02,2205.85,1.4112
2007-04-03,2226.76,1.4088
2007-04-04,2229.26,1.4107
2007-04-05,2236.71,1.4076
2007-04-09,2238.03,1.4011
2007-04-10,2243.93,1.4039
2007-04-11,2229.44,1.4030
2007-04-12,2243.30,1.4029
2007-04-13,2251.12,1.4000
2007-04-16,2275.35,1.4037
2007-04-17,2280.01,1.4095
2007-04-18,2281.61,1.4130
2007-04-19,2278.91,1.4117
2007-04-20,2300.08,1.4112
2007-04-23,2294.83,1.4150
2007-04-24,2294.02,1.4174
2007-04-25,2317.50,1.4143
2007-04-26,2315.91,1.4094
2007-04-27,2315.70,1.4100
2007-04-30,2297.58,1.4178
2007-05-01,2303.68,1.4169
2007-05-02,2318.84,1.4168
2007-05-03,2329.54,1.4141
2007-05-04,2334.61,1.4175
2007-05-07,2340.68,1.4195
2007-05-08,2338.14,1.4190
2007-05-09,2346.30,1.4151
2007-05-10,2313.94,1.4178
2007-05-11,2336.48,1.4148
2007-05-14,2332.43,1.4133
2007-05-15,2329.61,1.4124
2007-05-16,2350.40,1.4120
2007-05-17,2348.44,1.4077
2007-05-18,2363.97,1.4030
2007-05-21,2367.63,1.4054
2007-05-22,2366.10,1.4013
2007-05-23,2363.29,1.3995
2007-05-24,2340.64,1.4003
2007-05-25,2353.42,1.3987
2007-05-29,2357.39,1.3969
2007-05-30,2377.09,1.3985
2007-05-31,2377.75,1.3967
2007-06-01,2386.63,1.3906
2007-06-04,2391.13,1.3934
2007-06-05,2378.44,1.3874
2007-06-06,2357.95,1.3902
2007-06-07,2316.63,1.3742
2007-06-08,2342.98,1.3764
2007-06-11,2345.27,1.3728
2007-06-12,2320.22,1.3593
2007-06-13,2356.02,1.3685
2007-06-14,2367.52,1.3664
2007-06-15,2382.97,1.3724
2007-06-18,2380.09,1.3753
2007-06-19,2384.26,1.3808
2007-06-20,2351.87,1.3760
2007-06-21,2366.92,1.3712
2007-06-22,2336.41,1.3765
2007-06-25,2328.91,1.3821
2007-06-26,2321.46,1.3822
2007-06-27,2342.84,1.3825
2007-06-28,2341.90,1.3804
2007-06-29,2338.25,1.3891
2007-07-02,2363.28,1.3935
2007-07-03,2372.22,1.3876
2007-07-05,2373.07,1.3778
2007-07-06,2381.59,1.3735
2007-07-09,2383.80,1.3783
2007-07-10,2349.98,1.3915
2007-07-11,2363.72,1.3847
2007-07-12,2408.79,1.3806
2007-07-13,2416.28,1.3841
2007-07-16,2411.65,1.3907
2007-07-17,2411.41,1.3896
2007-07-18,2406.69,1.3922
2007-07-19,2417.50,1.3937
2007-07-20,2387.96,1.4013
2007-07-23,2399.64,1.4014
2007-07-24,2352.12,1.4061
2007-07-25,2363.12,1.4076
2007-07-26,2307.98,1.4208
2007-07-27,2271.41,1.4233
2007-07-30,2294.75,1.4191
2007-07-31,2265.75,1.4252
2007-08-01,2282.30,1.4204
2007-08-02,2292.79,1.4226
2007-08-03,2231.98,1.4311
2007-08-06,2285.93,1.4258
2007-08-07,2300.10,1.4231
2007-08-08,2333.24,1.4129
2007-08-09,2264.50,1.4218
2007-08-10,2265.36,1.4188
2007-08-13,2264.58,1.4232
2007-08-14,2223.71,1.4267
2007-08-15,2193.40,1.4276
2007-08-16,2200.61,1.4339
2007-08-17,2254.68,1.4320
2007-08-20,2254.07,1.4380
2007-08-21,2256.53,1.4415
2007-08-22,2283.09,1.4360
2007-08-23,2280.68,1.4363
2007-08-24,2307.22,1.4393
2007-08-27,2287.62,1.4454
2007-08-28,2234.03,1.4525
2007-08-29,2283.58,1.4475
2007-08-30,2274.16,1.4532
2007-08-31,2299.71,1.4504
2007-09-04,2323.83,1.4504
2007-09-05,2298.16,1.4596
2007-09-06,2308.35,1.4555
2007-09-07,2269.32,1.4688
2007-09-10,2266.51,1.4751
2007-09-11,2297.41,1.4703
2007-09-12,2298.14,1.4662
2007-09-13,2317.63,1.4605
2007-09-14,2318.11,1.4618
2007-09-17,2306.25,1.4623
2007-09-18,2373.63,1.4618
2007-09-19,2388.15,1.4553
2007-09-20,2372.61,1.4394
2007-09-21,2383.55,1.4474
2007-09-24,2371.03,1.4475
2007-09-25,2370.27,1.4479
2007-09-26,2383.53,1.4489
2007-09-27,2392.92,1.4551
2007-09-28,2385.72,1.4528
2007-10-01,2417.44,1.4580
2007-10-02,2416.83,1.4609
2007-10-03,2406.31,1.4568
2007-10-04,2411.41,1.4624
2007-10-05,2435.16,1.4485
2007-10-09,2447.03,1.4477
2007-10-10,2443.02,1.4481
2007-10-11,2430.55,1.4498
2007-10-12,2442.12,1.4447
2007-10-15,2421.67,1.4459
2007-10-16,2405.76,1.4494
2007-10-17,2410.22,1.4603
2007-10-18,2408.46,1.4672
2007-10-19,2346.78,1.4789
2007-10-22,2355.74,1.4770
2007-10-23,2376.48,1.4781
2007-10-24,2370.71,1.4859
2007-10-25,2368.43,1.4812
2007-10-26,2401.07,1.4789
2007-10-29,2410.33,1.4815
2007-10-30,2394.81,1.4821
2007-10-31,2423.67,1.4718
2007-11-01,2360.21,1.4860
2007-11-02,2362.21,1.4898
2007-11-05,2350.69,1.4881
2007-11-06,2379.05,1.4843
2007-11-07,2310.41,1.4909
2007-11-08,2309.18,1.4942
2007-11-09,2276.26,1.5020
2007-11-13,2319.86,1.4969
2007-11-14,2304.06,1.4987
2007-11-15,2273.73,1.5116
2007-11-16,2285.67,1.5080
2007-11-19,2245.81,1.5188
2007-11-20,2256.02,1.5154
2007-11-21,2220.21,1.5243
2007-11-23,2257.95,1.5262
2007-11-26,2205.49,1.5470
2007-11-27,2238.52,1.5352
2007-11-28,2303.17,1.5253
2007-11-29,2304.43,1.5369
2007-11-30,2322.34,1.5368
2007-12-03,2308.74,1.5476
2007-12-04,2293.66,1.5425
2007-12-05,2329.71,1.5351
2007-12-06,2364.97,1.5290
2007-12-07,2360.79,1.5178
2007-12-10,2378.60,1.5119
2007-12-11,2318.52,1.5340
2007-12-12,2332.85,1.5201
2007-12-13,2335.79,1.5078
2007-12-14,2303.79,1.5049
2007-12-17,2269.24,1.5154
2007-12-18,2283.50,1.5192
2007-12-19,2280.47,1.5301
2007-12-20,2292.23,1.5276
2007-12-21,2330.81,1.5142
2007-12-24,2349.66,1.5100
2007-12-26,2351.60,1.5031
2007-12-27,2318.72,1.5122
2007-12-28,2322.11,1.5264
2007-12-31,2306.23,1.5328
2008-01-02,2273.41,1.5481
2008-01-03,2273.41,1.5499
2008-01-04,2217.59,1.5527
2008-01-07,2224.76,1.5581
2008-01-08,2184.67,1.5646
2008-01-09,2214.60,1.5596
2008-01-10,2232.25,1.5514
2008-01-11,2202.03,1.5647
2008-01-14,2225.98,1.5666
2008-01-15,2170.51,1.5799
2008-01-16,2158.58,1.5718
2008-01-17,2095.86,1.5861
2008-01-18,2083.24,1.5853
2008-01-22,2060.15,1.6106
2008-01-23,2104.37,1.5895
2008-01-24,2125.61,1.5761
2008-01-25,2091.88,1.5952
2008-01-28,2128.64,1.5934
2008-01-29,2141.85,1.5809
2008-01-30,2131.79,1.5823
2008-01-31,2167.90,1.5916
2008-02-01,2194.43,1.5922
2008-02-04,2171.51,1.5857
2008-02-05,2102.23,1.5955
2008-02-06,2087.05,1.5926
2008-02-07,2104.02,1.5722
2008-02-08,2095.21,1.5871
2008-02-11,2107.65,1.5909
2008-02-12,2123.06,1.5852
2008-02-13,2152.76,1.5765
2008-02-14,2123.94,1.5662
2008-02-15,2125.85,1.5736
2008-02-19,2124.12,1.5563
2008-02-20,2141.95,1.5564
2008-02-21,2115.13,1.5721
2008-02-22,2132.02,1.5683
2008-02-25,2161.51,1.5578
2008-02-26,2176.48,1.5626
2008-02-27,2175.00,1.5637
2008-02-28,2155.81,1.5864
2008-02-29,2097.48,1.6042
2008-03-03,2098.64,1.6001
2008-03-04,2091.42,1.5924
2008-03-05,2103.42,1.5845
2008-03-06,2057.44,1.5960
2008-03-07,2040.17,1.6010
2008-03-10,2008.71,1.6104
2008-03-11,2083.36,1.5940
2008-03-12,2065.21,1.6084
2008-03-13,2075.88,1.6016
2008-03-14,2032.79,1.6113
2008-03-17,2014.88,1.6278
2008-03-18,2100.38,1.6063
2008-03-19,2049.40,1.6229
2008-03-20,2098.46,1.6228
2008-03-24,2130.62,1.5982
2008-03-25,2135.54,1.6037
2008-03-26,2116.93,1.6090
2008-03-27,2093.11,1.6005
2008-03-28,2076.56,1.6107
2008-03-31,2088.42,1.6159
2008-04-01,2163.38,1.5963
2008-04-02,2159.63,1.5915
2008-04-03,2162.46,1.5942
2008-04-04,2164.21,1.6088
2008-04-07,2167.61,1.5998
2008-04-08,2157.28,1.5977
2008-04-09,2139.99,1.6078
2008-04-10,2149.67,1.6002
2008-04-11,2106.01,1.6094
2008-04-14,2098.92,1.6043
2008-04-15,2108.59,1.5928
2008-04-16,2156.67,1.5822
2008-04-17,2158.08,1.5766
2008-04-18,2197.24,1.5795
2008-04-21,2193.87,1.5775
2008-04-22,2174.59,1.5824
2008-04-23,2180.91,1.5770
2008-04-24,2194.96,1.5652
2008-04-25,2209.25,1.5599
2008-04-28,2207.02,1.5656
2008-04-29,2198.50,1.5667
2008-04-30,2190.13,1.5773
2008-05-01,2228.09,1.5746
2008-05-02,2235.30,1.5635
2008-05-05,2225.37,1.5630
2008-05-06,2242.47,1.5576
2008-05-07,2202.77,1.5660
2008-05-08,2210.95,1.5750
2008-05-09,2196.54,1.5752
2008-05-12,2220.81,1.5735
2008-05-13,2220.46,1.5601
2008-05-14,2229.74,1.5614
2008-05-15,2253.76,1.5720
2008-05-16,2256.64,1.5680
2008-05-19,2258.74,1.5707
2008-05-20,2237.79,1.5773
2008-05-21,2202.02,1.5736
2008-05-22,2208.20,1.5620
2008-05-23,2179.05,1.5700
2008-05-27,2193.98,1.5622
2008-05-28,2203.10,1.5528
2008-05-29,2215.12,1.5450
2008-05-30,2218.50,1.5470
2008-06-02,2195.27,1.5585
2008-06-03,2182.65,1.5658
2008-06-04,2183.01,1.5568
2008-06-05,2225.74,1.5500
2008-06-06,2157.24,1.5637
2008-06-09,2159.03,1.5542
2008-06-10,2153.77,1.5424
2008-06-11,2117.84,1.5466
2008-06-12,2124.94,1.5316
2008-06-13,2156.96,1.5277
2008-06-16,2157.14,1.5258
2008-06-17,2142.55,1.5340
2008-06-18,2121.78,1.5410
2008-06-19,2130.30,1.5331
2008-06-20,2090.82,1.5374
2008-06-23,2090.94,1.5389
2008-06-24,2085.08,1.5479
2008-06-25,2097.37,1.5467
2008-06-26,2036.40,1.5538
2008-06-27,2028.89,1.5612
2008-06-30,2031.47,1.5612
2008-07-01,2039.66,1.5572
2008-07-02,2002.64,1.5632
2008-07-03,2004.87,1.5607
2008-07-07,1988.09,1.5709
2008-07-08,2022.83,1.5735
2008-07-09,1976.97,1.5825
2008-07-10,1990.78,1.5851
2008-07-11,1968.86,1.5647
2008-07-14,1951.08,1.5782
2008-07-15,1929.85,1.5827
2008-07-16,1978.47,1.5682
2008-07-17,2002.30,1.5613
2008-07-18,2002.88,1.5500
2008-07-21,2001.86,1.5558
2008-07-22,2028.91,1.5489
2008-07-23,2037.15,1.5469
2008-07-24,1990.09,1.5617
2008-07-25,1998.41,1.5494
2008-07-28,1961.23,1.5621
2008-07-29,2007.21,1.5574
2008-07-30,2040.81,1.5566
2008-07-31,2014.39,1.5692
2008-08-01,2003.16,1.5714
2008-08-04,1985.23,1.5682
2008-08-05,2042.44,1.5612
2008-08-06,2050.23,1.5573
2008-08-07,2013.66,1.5760
2008-08-08,2061.77,1.5750
2008-08-11,2076.59,1.5671
2008-08-12,2051.66,1.5790
2008-08-13,2046.35,1.5743
2008-08-14,2057.72,1.5803
2008-08-15,2066.36,1.5866
2008-08-18,2035.30,1.5903
2008-08-19,2016.52,1.5888
2008-08-20,2029.15,1.5931
2008-08-21,2034.35,1.5893
2008-08-22,2057.64,1.5848
2008-08-25,2017.27,1.5961
2008-08-26,2024.72,1.5975
2008-08-27,2041.24,1.5991
2008-08-28,2071.86,1.5973
2008-08-29,2043.53,1.5924
2008-09-02,2035.24,1.6032
2008-09-03,2032.13,1.6072
2008-09-04,1971.37,1.6161
2008-09-05,1980.18,1.6066
2008-09-08,2021.13,1.6113
2008-09-09,1952.14,1.6225
2008-09-10,1964.25,1.6165
2008-09-11,1992.00,1.6152
2008-09-12,1996.26,1.6066
2008-09-15,1902.17,1.6456
2008-09-16,1935.49,1.6395
2008-09-17,1844.31,1.6399
2008-09-18,1924.85,1.6249
2008-09-19,2002.32,1.5957
2008-09-22,1925.86,1.5927
2008-09-23,1895.78,1.5954
2008-09-24,1892.05,1.5943
2008-09-25,1929.24,1.5892
2008-09-26,1935.79,1.5900
2008-09-29,1765.72,1.6225
2008-09-30,1861.44,1.5938
2008-10-01,1853.26,1.6037
2008-10-02,1778.90,1.6133
2008-10-03,1754.91,1.6158
2008-10-06,1687.34,1.6339
2008-10-07,1590.51,1.6255
2008-10-08,1573.34,1.6081
2008-10-09,1453.52,1.6025
2008-10-10,1436.56,1.5831
2008-10-14,1594.41,1.5571
2008-10-15,1450.50,1.5676
2008-10-16,1512.21,1.5647
2008-10-17,1502.84,1.5650
2008-10-20,1574.50,1.5749
2008-10-21,1526.02,1.5861
2008-10-22,1433.22,1.6015
2008-10-23,1451.37,1.5921
2008-10-24,1401.29,1.5874
2008-10-27,1356.78,1.5844
2008-10-28,1503.16,1.5676
2008-10-29,1486.73,1.5627
2008-10-30,1525.37,1.5475
2008-10-31,1548.81,1.5483
2008-11-03,1544.91,1.5527
2008-11-04,1608.00,1.5712
2008-11-05,1524.21,1.5761
2008-11-06,1448.01,1.5783
2008-11-07,1490.31,1.5686
2008-11-10,1471.64,1.5749
2008-11-12,1365.15,1.5875
2008-11-13,1459.82,1.5764
2008-11-14,1399.20,1.5918
2008-11-17,1363.14,1.6058
2008-11-18,1376.82,1.6219
2008-11-19,1292.76,1.6449
2008-11-20,1206.04,1.6797
2008-11-21,1282.59,1.6542
2008-11-24,1365.63,1.6399
2008-11-25,1374.79,1.6646
2008-11-26,1423.90,1.6734
2008-11-28,1437.68,1.6828
2008-12-01,1309.39,1.7070
2008-12-02,1361.79,1.7131
2008-12-03,1397.72,1.7111
2008-12-04,1356.81,1.7208
2008-12-05,1406.36,1.6965
2008-12-08,1460.60,1.6933
2008-12-09,1426.88,1.7078
2008-12-10,1444.00,1.7022
2008-12-11,1403.20,1.7121
2008-12-12,1413.07,1.7163
2008-12-15,1395.21,1.7244
2008-12-16,1466.87,1.7569
2008-12-17,1452.88,1.7716
2008-12-18,1422.19,1.7900
2008-12-19,1426.39,1.7851
2008-12-22,1400.42,1.7810
2008-12-23,1387.08,1.7793
2008-12-24,1395.76,1.7775
2008-12-26,1403.22,1.7845
2008-12-29,1398.25,1.7894
2008-12-30,1432.65,1.7943
2008-12-31,1452.98,1.7727
2009-01-02,1499.17,1.7534
2009-01-05,1492.21,1.7428
2009-01-06,1503.87,1.7494
2009-01-07,1459.58,1.7454
2009-01-08,1464.60,1.7506
2009-01-09,1433.41,1.7548
2009-01-12,1401.07,1.7668
2009-01-13,1403.63,1.7680
2009-01-14,1356.79,1.7797
2009-01-15,1358.64,1.7772
2009-01-16,1368.92,1.7614
2009-01-20,1296.63,1.7525
2009-01-21,1353.33,1.7278
2009-01-22,1332.84,1.7210
2009-01-23,1340.02,1.7191
2009-01-26,1347.47,1.7154
2009-01-27,1362.18,1.7287
2009-01-28,1408.07,1.7135
2009-01-29,1361.54,1.6926
2009-01-30,1330.51,1.6939
2009-02-02,1329.81,1.7113
2009-02-03,1350.89,1.6940
2009-02-04,1341.77,1.6897
2009-02-05,1363.82,1.6933
2009-02-06,1401.06,1.6849
2009-02-09,1403.19,1.6883
2009-02-10,1334.30,1.7092
2009-02-11,1345.50,1.7166
2009-02-12,1348.15,1.7175
2009-02-13,1334.83,1.7026
2009-02-17,1274.26,1.7360
2009-02-18,1273.29,1.7210
2009-02-19,1258.82,1.7213
2009-02-20,1244.72,1.7159
2009-02-23,1201.56,1.7205
2009-02-24,1249.76,1.7149
2009-02-25,1236.74,1.7006
2009-02-26,1217.49,1.6905
2009-02-27,1188.84,1.6893
2009-03-02,1133.43,1.7079
2009-03-03,1126.18,1.7058
2009-03-04,1153.35,1.6933
2009-03-05,1104.38,1.7133
2009-03-06,1106.00,1.7066
2009-03-09,1095.04,1.7088
2009-03-10,1164.83,1.6907
2009-03-11,1168.07,1.7018
2009-03-12,1215.87,1.7130
2009-03-13,1225.32,1.7105
2009-03-16,1221.03,1.7046
2009-03-17,1260.29,1.6982
2009-03-18,1286.62,1.7585
2009-03-19,1269.93,1.7663
2009-03-20,1244.86,1.7651
2009-03-23,1333.21,1.7623
2009-03-24,1306.03,1.7584
2009-03-25,1318.61,1.7497
2009-03-26,1349.37,1.7547
2009-03-27,1322.19,1.7546
2009-03-30,1276.23,1.7605
2009-03-31,1292.98,1.7683
2009-04-01,1314.63,1.7698
2009-04-02,1352.47,1.7532
2009-04-03,1365.66,1.7356
2009-04-06,1354.36,1.7305
2009-04-07,1322.91,1.7345
2009-04-08,1338.53,1.7408
2009-04-09,1389.49,1.7305
2009-04-13,1393.13,1.7412
2009-04-14,1365.20,1.7518
2009-04-15,1382.36,1.7552
2009-04-16,1403.89,1.7453
2009-04-17,1410.85,1.7290
2009-04-20,1350.52,1.7455
2009-04-21,1379.22,1.7364
2009-04-22,1368.92,1.7305
2009-04-23,1382.52,1.7336
2009-04-24,1405.74,1.7225
2009-04-27,1391.58,1.7354
2009-04-28,1387.82,1.7198
2009-04-29,1417.99,1.7065
2009-04-30,1416.73,1.7050
2009-05-01,1424.41,1.7008
2009-05-04,1472.64,1.7017
2009-05-05,1467.25,1.6999
2009-05-06,1493.31,1.7003
2009-05-07,1473.66,1.6780
2009-05-08,1509.14,1.6841
2009-05-11,1477.20,1.7000
2009-05-12,1475.83,1.7006
2009-05-13,1436.74,1.7078
2009-05-14,1451.79,1.7111
2009-05-15,1435.48,1.7036
2009-05-18,1479.24,1.6898
2009-05-19,1476.94,1.6894
2009-05-20,1469.47,1.6969
2009-05-21,1445.28,1.6707
2009-05-22,1443.14,1.6602
2009-05-26,1481.10,1.6468
2009-05-27,1453.28,1.6229
2009-05-28,1475.94,1.6385
2009-05-29,1495.97,1.6562
2009-06-01,1534.65,1.6312
2009-06-02,1537.69,1.6385
2009-06-03,1516.88,1.6470
2009-06-04,1534.59,1.6274
2009-06-05,1530.82,1.6133
2009-06-08,1529.59,1.6091
2009-06-09,1535.03,1.6132
2009-06-10,1529.76,1.6033
2009-06-11,1539.50,1.6147
2009-06-12,1541.70,1.6220
2009-06-15,1505.06,1.6335
2009-06-16,1485.92,1.6400
2009-06-17,1483.90,1.6371
2009-06-18,1496.59,1.6203
2009-06-19,1501.25,1.6275
2009-06-22,1455.54,1.6408
2009-06-23,1458.92,1.6479
2009-06-24,1468.48,1.6400
2009-06-25,1499.98,1.6583
2009-06-26,1498.08,1.6605
2009-06-29,1511.70,1.6678
2009-06-30,1498.94,1.6610
2009-07-01,1505.64,1.6611
2009-07-02,1461.80,1.6660
2009-07-06,1465.58,1.6658
2009-07-07,1436.74,1.6715
2009-07-08,1435.20,1.6892
2009-07-09,1440.30,1.6777
2009-07-10,1434.50,1.6899
2009-07-13,1470.43,1.6837
2009-07-14,1478.24,1.6694
2009-07-15,1522.09,1.6541
2009-07-16,1535.30,1.6581
2009-07-17,1534.71,1.6492
2009-07-20,1552.26,1.6557
2009-07-21,1557.91,1.6718
2009-07-22,1557.37,1.6647
2009-07-23,1593.65,1.6514
2009-07-24,1598.50,1.6516
2009-07-27,1603.26,1.6442
2009-07-28,1599.09,1.6495
2009-07-29,1592.00,1.6524
2009-07-30,1611.14,1.6584
2009-07-31,1612.31,1.6747
2009-08-03,1637.06,1.6569
2009-08-04,1642.03,1.6517
2009-08-05,1637.81,1.6451
2009-08-06,1628.82,1.6457
2009-08-07,1650.73,1.6342
2009-08-10,1645.26,1.6441
2009-08-11,1624.91,1.6573
2009-08-12,1644.23,1.6512
2009-08-13,1655.66,1.6653
2009-08-14,1641.54,1.6683
2009-08-17,1602.06,1.6808
2009-08-18,1618.60,1.6761
2009-08-19,1629.92,1.6839
2009-08-20,1647.85,1.6864
2009-08-21,1678.84,1.6694
2009-08-24,1677.94,1.6814
2009-08-25,1681.92,1.6865
2009-08-26,1682.29,1.6870
2009-08-27,1687.16,1.6847
2009-08-28,1684.05,1.6858
2009-08-31,1670.52,1.6920
2009-09-01,1633.63,1.6969
2009-09-02,1628.66,1.7059
2009-09-03,1642.68,1.7021
2009-09-04,1664.34,1.6899
2009-09-08,1679.32,1.6864
2009-09-09,1692.48,1.6904
2009-09-10,1710.14,1.7077
2009-09-11,1708.18,1.7072
2009-09-14,1719.04,1.6993
2009-09-15,1724.45,1.6944
2009-09-16,1750.91,1.6941
2009-09-17,1745.80,1.7039
2009-09-18,1750.43,1.6947
2009-09-21,1744.47,1.6936
2009-09-22,1755.99,1.6974
2009-09-23,1738.32,1.7014
2009-09-24,1722.02,1.7045
2009-09-25,1711.53,1.7121
2009-09-28,1742.32,1.7182
2009-09-29,1738.48,1.7167
2009-09-30,1732.86,1.7147
2009-10-01,1688.24,1.7329
2009-10-02,1680.70,1.7275
2009-10-05,1705.73,1.7274
2009-10-06,1729.14,1.7227
2009-10-07,1734.74,1.7331
2009-10-08,1747.70,1.7244
2009-10-09,1757.60,1.7052
2009-10-13,1760.51,1.7108
2009-10-14,1791.47,1.7018
2009-10-15,1798.91,1.6957
2009-10-16,1784.35,1.7026
2009-10-19,1801.12,1.7063
2009-10-20,1789.93,1.7129
2009-10-21,1774.33,1.7068
2009-10-22,1793.34,1.7020
2009-10-23,1771.50,1.6926
2009-10-26,1750.75,1.6837
2009-10-27,1744.95,1.6992
2009-10-28,1711.09,1.7039
2009-10-29,1749.76,1.6928
2009-10-30,1700.67,1.7085
2009-11-02,1711.65,1.7045
2009-11-03,1715.81,1.6978
2009-11-04,1718.21,1.6897
2009-11-05,1751.45,1.6898
2009-11-06,1756.07,1.6941
2009-11-09,1795.56,1.6958
2009-11-10,1795.90,1.6976
2009-11-12,1786.66,1.7025
2009-11-13,1796.93,1.7052
2009-11-16,1823.29,1.7174
2009-11-17,1825.18,1.7182
2009-11-18,1824.61,1.7131
2009-11-19,1800.12,1.7170
2009-11-20,1794.65,1.7126
2009-11-23,1819.17,1.7157
2009-11-24,1818.31,1.7225
2009-11-25,1826.74,1.7276
2009-11-27,1795.70,1.7366
2009-11-30,1802.68,1.7384
2009-12-01,1824.54,1.7285
2009-12-02,1825.40,1.7264
2009-12-03,1810.13,1.7181
2009-12-04,1820.11,1.7061
2009-12-07,1815.70,1.7146
2009-12-08,1797.31,1.7207
2009-12-09,1804.10,1.7145
2009-12-10,1814.81,1.7069
2009-12-11,1821.80,1.7022
2009-12-14,1834.55,1.7027
2009-12-15,1824.37,1.6978
2009-12-16,1826.45,1.6968
2009-12-17,1804.96,1.7123
2009-12-18,1815.50,1.7053
2009-12-21,1834.59,1.6893
2009-12-22,1841.17,1.6808
2009-12-23,1845.80,1.6805
2009-12-24,1855.50,1.6750
2009-12-28,1857.89,1.6703
2009-12-29,1855.61,1.6759
2009-12-30,1856.14,1.6774
2009-12-31,1837.50,1.6724
2010-01-04,1867.06,1.6747
2010-01-05,1872.90,1.6814
2010-01-06,1874.73,1.6749
2010-01-07,1882.34,1.6751
2010-01-08,1887.77,1.6750
2010-01-11,1891.06,1.6773
2010-01-12,1873.32,1.6908
2010-01-13,1889.10,1.6809
2010-01-14,1893.72,1.6870
2010-01-15,1873.30,1.6938
2010-01-19,1896.72,1.6918
2010-01-20,1876.90,1.6972
2010-01-21,1841.39,1.7051
2010-01-22,1800.61,1.7031
2010-01-25,1808.93,1.7023
2010-01-26,1801.34,1.7024
2010-01-27,1810.21,1.6999
2010-01-28,1788.97,1.7010
2010-01-29,1771.40,1.7072
2010-02-01,1796.67,1.6989
2010-02-02,1819.99,1.7010
2010-02-03,1810.64,1.6934
2010-02-04,1754.30,1.7066
2010-02-05,1759.38,1.7116
2010-02-08,1744.37,1.7134
2010-02-09,1767.18,1.7042
2010-02-10,1763.69,1.6985
2010-02-11,1781.01,1.6962
2010-02-12,1776.50,1.6996
2010-02-16,1808.72,1.7043
2010-02-17,1816.70,1.6948
2010-02-18,1828.81,1.6867
2010-02-19,1833.09,1.6898
2010-02-22,1831.21,1.6881
2010-02-23,1809.05,1.7017
2010-02-24,1826.99,1.7015
2010-02-25,1823.64,1.7092
2010-02-26,1826.27,1.7108
2010-03-01,1844.87,1.7127
2010-03-02,1849.17,1.7133
2010-03-03,1850.24,1.7117
2010-03-04,1857.20,1.7139
2010-03-05,1883.28,1.7045
2010-03-08,1883.29,1.7005
2010-03-09,1886.60,1.7034
2010-03-10,1895.38,1.7004
2010-03-11,1903.68,1.6999
2010-03-12,1903.29,1.7032
2010-03-15,1904.19,1.7051
2010-03-16,1919.02,1.7109
2010-03-17,1930.22,1.7122
2010-03-18,1929.63,1.7081
2010-03-19,1919.80,1.7059
2010-03-22,1929.64,1.7112
2010-03-23,1943.70,1.7091
2010-03-24,1933.04,1.6883
2010-03-25,1929.75,1.6852
2010-03-26,1931.18,1.6892
2010-03-29,1942.51,1.6876
2010-03-30,1942.81,1.6888
2010-03-31,1936.48,1.6929
2010-04-01,1950.91,1.6876
2010-04-05,1966.44,1.6716
2010-04-06,1969.76,1.6768
2010-04-07,1959.04,1.6901
2010-04-08,1965.72,1.6857
2010-04-09,1978.86,1.6870
2010-04-12,1982.40,1.6934
2010-04-13,1983.91,1.6963
2010-04-14,2006.06,1.6911
2010-04-15,2007.74,1.6950
2010-04-16,1975.36,1.7043
2010-04-19,1984.32,1.7001
2010-04-20,2000.33,1.7004
2010-04-21,1998.31,1.7091
2010-04-22,2002.93,1.7045
2010-04-23,2017.19,1.6993
2010-04-26,2008.55,1.7006
2010-04-27,1961.60,1.7167
2010-04-28,1974.63,1.7066
2010-04-29,2000.34,1.7123
2010-04-30,1967.05,1.7211
2010-05-03,1992.87,1.7182
2010-05-04,1945.37,1.7289
2010-05-05,1933.25,1.7316
2010-05-06,1870.95,1.7471
2010-05-07,1842.32,1.7445
2010-05-10,1923.39,1.7321
2010-05-11,1917.25,1.7355
2010-05-12,1944.25,1.7308
2010-05-13,1920.76,1.7369
2010-05-14,1884.67,1.7447
2010-05-17,1887.11,1.7429
2010-05-18,1860.65,1.7605
2010-05-19,1851.28,1.7574
2010-05-20,1779.30,1.7770
2010-05-21,1806.05,1.7738
2010-05-24,1782.77,1.7798
2010-05-25,1783.40,1.7835
2010-05-26,1773.65,1.7797
2010-05-27,1832.61,1.7572
2010-05-28,1809.98,1.7653
2010-06-01,1778.99,1.7705
2010-06-02,1825.25,1.7617
2010-06-03,1832.72,1.7590
2010-06-04,1769.72,1.7799
2010-06-07,1745.87,1.7883
2010-06-08,1765.29,1.7831
2010-06-09,1754.91,1.7847
2010-06-10,1806.69,1.7664
2010-06-11,1815.26,1.7780
2010-06-14,1812.02,1.7769
2010-06-15,1854.61,1.7709
2010-06-16,1853.62,1.7771
2010-06-17,1856.25,1.7862
2010-06-18,1858.70,1.7824
2010-06-21,1851.55,1.7802
2010-06-22,1822.05,1.7907
2010-06-23,1816.65,1.7971
2010-06-24,1786.13,1.7948
2010-06-25,1791.24,1.7990
2010-06-28,1787.94,1.8110
2010-06-29,1732.55,1.8205
2010-06-30,1715.23,1.8231
2010-07-01,1709.77,1.8211
2010-07-02,1701.86,1.8162
2010-07-06,1710.97,1.8238
2010-07-07,1765.42,1.8164
2010-07-08,1782.10,1.8089
2010-07-09,1794.94,1.8057
2010-07-12,1796.30,1.8047
2010-07-13,1824.07,1.7962
2010-07-14,1823.82,1.8078
2010-07-15,1826.00,1.8158
2010-07-16,1773.43,1.8265
2010-07-19,1784.06,1.8217
2010-07-20,1804.48,1.8236
2010-07-21,1781.60,1.8344
2010-07-22,1821.76,1.8255
2010-07-23,1836.75,1.8168
2010-07-26,1857.34,1.8175
2010-07-27,1855.39,1.8095
2010-07-28,1842.66,1.8190
2010-07-29,1835.29,1.8186
2010-07-30,1835.40,1.8293
2010-08-02,1875.85,1.8235
2010-08-03,1866.87,1.8306
2010-08-04,1878.81,1.8254
2010-08-05,1876.51,1.8331
2010-08-06,1869.77,1.8437
2010-08-09,1880.06,1.8433
2010-08-10,1868.88,1.8518
2010-08-11,1817.13,1.8613
2010-08-12,1807.61,1.8575
2010-08-13,1800.39,1.8669
2010-08-16,1800.70,1.8820
2010-08-17,1823.18,1.8720
2010-08-18,1826.14,1.8715
2010-08-19,1795.24,1.8794
2010-08-20,1788.67,1.8748
2010-08-23,1781.47,1.8777
2010-08-24,1755.65,1.8920
2010-08-25,1761.62,1.8854
2010-08-26,1748.14,1.8937
2010-08-27,1777.60,1.8704
2010-08-30,1751.79,1.8868
2010-08-31,1752.55,1.8946
2010-09-01,1804.46,1.8802
2010-09-02,1820.98,1.8729
2010-09-03,1845.10,1.8623
2010-09-07,1824.05,1.8775
2010-09-08,1836.21,1.8705
2010-09-09,1845.09,1.8562
2010-09-10,1854.10,1.8512
2010-09-13,1875.41,1.8578
2010-09-14,1874.07,1.8678
2010-09-15,1880.74,1.8622
2010-09-16,1880.37,1.8573
2010-09-17,1881.93,1.8607
2010-09-20,1910.60,1.8661
2010-09-21,1905.74,1.8838
2010-09-22,1896.77,1.8867
2010-09-23,1880.97,1.8877
2010-09-24,1920.84,1.8790
2010-09-27,1909.98,1.8908
2010-09-28,1919.59,1.8996
2010-09-29,1914.84,1.8949
2010-09-30,1908.95,1.8930
2010-10-01,1917.42,1.8934
2010-10-04,1902.15,1.9000
2010-10-05,1941.82,1.9007
2010-10-06,1941.50,1.9125
2010-10-07,1938.31,1.9151
2010-10-08,1950.18,1.9141
2010-10-12,1957.92,1.9083
2010-10-13,1972.08,1.9099
2010-10-14,1964.90,1.8957
2010-10-15,1968.87,1.8868
2010-10-18,1983.17,1.8963
2010-10-19,1951.67,1.9012
2010-10-20,1972.51,1.9009
2010-10-21,1976.12,1.8904
2010-10-22,1980.83,1.8889
2010-10-25,1985.11,1.8882
2010-10-26,1985.13,1.8760
2010-10-27,1980.05,1.8633
2010-10-28,1982.45,1.8728
2010-10-29,1981.59,1.8831
2010-11-01,1983.47,1.8795
2010-11-02,1998.86,1.8851
2010-11-03,2006.58,1.8879
2010-11-04,2045.62,1.9012
2010-11-05,2053.77,1.8943
2010-11-08,2049.69,1.8915
2010-11-09,2033.85,1.8744
2010-11-10,2043.16,1.8849
2010-11-12,2010.57,1.8612
2010-11-15,2008.25,1.8341
2010-11-16,1976.26,1.8536
2010-11-17,1977.00,1.8473
2010-11-18,2007.38,1.8440
2010-11-19,2012.59,1.8480
2010-11-22,2009.52,1.8598
2010-11-23,1980.89,1.8643
2010-11-24,2010.56,1.8422
2010-11-26,1996.03,1.8501
2010-11-29,1993.83,1.8579
2010-11-30,1981.84,1.8617
2010-12-01,2024.97,1.8384
2010-12-02,2050.96,1.8341
2010-12-03,2056.40,1.8320
2010-12-06,2053.80,1.8429
2010-12-07,2054.89,1.8145
2010-12-08,2063.03,1.7939
2010-12-09,2071.12,1.8021
2010-12-10,2083.57,1.7866
2010-12-13,2084.00,1.7936
2010-12-14,2085.93,1.7687
2010-12-15,2075.29,1.7610
2010-12-16,2088.19,1.7755
2010-12-17,2089.95,1.7880
2010-12-20,2095.32,1.7890
2010-12-21,2108.26,1.7938
2010-12-22,2115.69,1.7878
2010-12-23,2112.37,1.7832
2010-12-27,2113.67,1.7916
2010-12-28,2115.32,1.7717
2010-12-29,2117.83,1.7892
2010-12-30,2114.70,1.7879
2010-12-31,2114.29,1.8005
